epoch,speed,hdop
1631521503.771,8.7,0.5
1631521503.873,8.53,0.5
1631521503.975,8.37,0.5
1631521504.077,8.3,0.5
1631521504.179,8.3,0.5
1631521504.281,8.41,0.5
1631521504.383,8.35,0.5
1631521504.485,8.33,0.5
1631521504.587,8.21,0.5
1631521504.689,8.11,0.5
1631521504.791,8.0,0.5
1631521504.893,7.89,0.5
1631521504.995,7.91,0.5
1631521505.097,7.94,0.5
1631521505.199,7.75,0.5
1631521505.301,7.74,0.5
1631521505.403,7.77,0.5
1631521505.505,7.67,0.5
1631521505.607,7.66,0.5
1631521505.709,7.49,0.5
1631521505.811,7.5,0.5
1631521505.913,7.42,0.5
1631521506.014,7.24,0.5
1631521506.116,6.99,0.5
1631521506.218,7.11,0.5
1631521506.32,7.07,0.5
1631521506.422,6.99,0.5
1631521506.524,6.92,0.5
1631521506.626,6.89,0.5
1631521506.728,6.87,0.5
1631521506.83,6.77,0.5
1631521506.933,6.66,0.5
1631521507.035,6.41,0.5
1631521507.137,6.24,0.5
1631521507.238,6.24,0.5
1631521507.34,6.06,0.5
1631521507.443,5.85,0.5
1631521507.544,5.67,0.5
1631521507.645,5.61,0.5
1631521507.747,5.42,0.5
1631521507.849,5.4,0.5
1631521507.951,5.41,0.5
1631521508.053,5.19,0.5
1631521508.155,5.05,0.5
1631521508.257,4.92,0.5
1631521508.359,4.82,0.5
1631521508.461,4.54,0.5
1631521508.563,4.56,0.5
1631521508.665,4.34,0.5
1631521508.767,4.3,0.5
1631521508.869,4.2,0.5
1631521508.971,4.04,0.5
1631521509.073,3.92,0.5
1631521509.175,3.77,0.5
1631521509.277,3.68,0.5
1631521509.379,3.52,0.5
1631521509.481,3.33,0.5
1631521509.583,3.11,0.5
1631521509.685,2.8,0.5
1631521509.787,2.7,0.5
1631521509.889,2.43,0.5
1631521509.991,2.24,0.5
1631521510.093,2.1,0.5
1631521510.195,2.0,0.5
1631521510.297,1.77,0.5
1631521510.399,1.65,0.5
1631521510.501,1.4,0.5
1631521510.603,1.32,0.5
1631521510.705,1.12,0.5
1631521510.807,1.08,0.5
1631521510.909,0.92,0.5
1631521511.01,0.81,0.5
1631521511.112,0.69,0.5
1631521511.214,0.65,0.5
1631521511.316,0.48,0.5
1631521511.418,0.33,0.5
1631521511.52,0.34,0.5
1631521511.622,0.38,0.5
1631521511.724,0.09,0.5
1631521511.826,0.05,0.5
1631521511.928,0.09,0.5
1631521512.03,0.11,0.5
1631521512.133,0.02,0.5
1631521512.234,0.03,0.5
1631521512.335,0.03,0.5
1631521512.437,0.05,0.5
1631521512.538,0.02,0.5
1631521512.641,0.02,0.5
1631521512.743,0.05,0.5
1631521512.845,0.04,0.5
1631521512.947,0.01,0.5
1631521513.049,0.01,0.5
1631521513.151,0.02,0.5
1631521513.253,0.04,0.5
1631521513.355,0.02,0.5
1631521513.457,0.02,0.5
1631521513.559,0.03,0.5
1631521513.661,0.02,0.5
1631521513.763,0.02,0.5
1631521513.865,0.0,0.5
1631521513.967,0.03,0.5
1631521514.069,0.02,0.5
1631521514.171,0.03,0.5
1631521514.273,0.02,0.5
1631521514.375,0.02,0.5
1631521514.477,0.01,0.5
1631521514.579,0.02,0.5
1631521514.681,0.01,0.5
1631521514.783,0.02,0.5
1631521514.885,0.0,0.5
1631521514.987,0.03,0.5
1631521515.089,0.04,0.5
1631521515.191,0.05,0.5
1631521515.293,0.04,0.5
1631521515.395,0.02,0.5
1631521515.497,0.03,0.5
1631521515.599,0.03,0.5
1631521515.701,0.03,0.5
1631521515.803,0.04,0.5
1631521515.905,0.03,0.5
1631521516.006,0.02,0.5
1631521516.108,0.02,0.5
1631521516.21,0.02,0.5
1631521516.312,0.02,0.5
1631521516.414,0.02,0.5
1631521516.516,0.0,0.5
1631521516.618,0.02,0.5
1631521516.72,0.01,0.5
1631521516.822,0.03,0.5
1631521516.923,0.02,0.5
1631521517.024,0.04,0.5
1631521517.126,0.03,0.5
1631521517.228,0.01,0.5
1631521517.33,0.01,0.5
1631521517.433,0.02,0.5
1631521517.534,0.02,0.5
1631521517.635,0.02,0.5
1631521517.737,0.02,0.5
1631521517.839,0.02,0.5
1631521517.941,0.03,0.5
1631521518.043,0.05,0.5
1631521518.145,0.05,0.5
1631521518.247,0.04,0.5
1631521518.349,0.02,0.5
1631521518.451,0.01,0.5
1631521518.553,0.03,0.5
1631521518.655,0.0,0.5
1631521518.757,0.01,0.5
1631521518.859,0.02,0.5
1631521518.961,0.05,0.5
1631521519.063,0.02,0.5
1631521519.165,0.02,0.5
1631521519.267,0.01,0.5
1631521519.369,0.03,0.5
1631521519.471,0.03,0.5
1631521519.573,0.03,0.5
1631521519.675,0.02,0.5
1631521519.777,0.02,0.5
1631521519.879,0.01,0.5
1631521519.981,0.02,0.5
1631521520.083,0.02,0.5
1631521520.185,0.01,0.5
1631521520.287,0.01,0.5
1631521520.389,0.01,0.5
1631521520.491,0.01,0.5
1631521520.593,0.02,0.5
1631521520.695,0.05,0.5
1631521520.797,0.02,0.5
1631521520.899,0.03,0.5
1631521521.0,0.04,0.5
1631521521.102,0.01,0.5
1631521521.204,0.02,0.5
1631521521.306,0.02,0.5
1631521521.408,0.06,0.5
1631521521.51,0.02,0.5
1631521521.612,0.0,0.5
1631521521.714,0.02,0.5
1631521521.816,0.05,0.5
1631521521.918,0.02,0.5
1631521522.02,0.02,0.5
1631521522.122,0.02,0.5
1631521522.224,0.03,0.5
1631521522.326,0.03,0.5
1631521522.428,0.02,0.5
1631521522.531,0.04,0.5
1631521522.632,0.04,0.5
1631521522.733,0.02,0.5
1631521522.834,0.09,0.5
1631521522.937,0.12,0.5
1631521523.039,0.08,0.5
1631521523.141,0.08,0.5
1631521523.243,0.04,0.5
1631521523.345,0.07,0.5
1631521523.447,0.19,0.5
1631521523.549,0.37,0.5
1631521523.651,0.53,0.5
1631521523.753,0.68,0.5
1631521523.855,1.0,0.5
1631521523.957,1.14,0.5
1631521524.059,1.21,0.5
1631521524.161,1.28,0.5
1631521524.263,1.4,0.5
1631521524.365,1.49,0.5
1631521524.467,1.6,0.5
1631521524.569,1.67,0.5
1631521524.671,1.66,0.5
1631521524.773,1.57,0.5
1631521524.875,1.39,0.5
1631521524.977,1.28,0.5
1631521525.079,1.14,0.5
1631521525.181,1.04,0.5
1631521525.283,1.07,0.5
1631521525.385,1.14,0.5
1631521525.487,0.99,0.5
1631521525.589,1.06,0.5
1631521525.691,1.07,0.5
1631521525.793,0.95,0.5
1631521525.895,0.93,0.5
1631521525.997,0.93,0.5
1631521526.098,0.8,0.5
1631521526.2,0.9,0.5
1631521526.302,0.9,0.5
1631521526.404,0.92,0.5
1631521526.506,1.06,0.5
1631521526.608,0.98,0.5
1631521526.71,1.01,0.5
1631521526.812,1.01,0.5
1631521526.914,1.04,0.5
1631521527.016,1.03,0.5
1631521527.118,1.09,0.5
1631521527.22,1.29,0.5
1631521527.322,1.34,0.5
1631521527.424,1.6,0.5
1631521527.526,1.76,0.5
1631521527.628,1.83,0.5
1631521527.729,1.97,0.5
1631521527.83,2.05,0.5
1631521527.933,2.19,0.5
1631521528.034,2.23,0.5
1631521528.135,2.13,0.5
1631521528.236,2.32,0.5
1631521528.338,2.31,0.5
1631521528.44,2.22,0.5
1631521528.542,2.4,0.5
1631521528.644,2.41,0.5
1631521528.747,2.27,0.5
1631521528.848,2.4,0.5
1631521528.95,2.44,0.5
1631521529.053,2.46,0.5
1631521529.154,2.38,0.5
1631521529.257,2.39,0.5
1631521529.359,2.43,0.5
1631521529.461,2.58,0.5
1631521529.563,2.67,0.5
1631521529.665,2.72,0.5
1631521529.767,2.75,0.5
1631521529.869,2.94,0.5
1631521529.971,2.96,0.5
1631521530.073,3.09,0.5
1631521530.175,3.32,0.5
1631521530.277,3.19,0.5
1631521530.379,3.48,0.5
1631521530.481,3.52,0.5
1631521530.583,3.61,0.5
1631521530.685,3.78,0.5
1631521530.787,3.61,0.5
1631521530.889,3.72,0.5
1631521530.991,3.8,0.5
1631521531.092,3.93,0.5
1631521531.194,4.08,0.5
1631521531.296,4.08,0.5
1631521531.398,4.07,0.5
1631521531.5,3.88,0.5
1631521531.602,3.84,0.5
1631521531.704,3.84,0.5
1631521531.806,3.87,0.5
1631521531.908,3.86,0.5
1631521532.01,3.82,0.5
1631521532.112,3.87,0.5
1631521532.214,4.0,0.5
1631521532.316,4.04,0.5
1631521532.418,4.01,0.5
1631521532.52,4.14,0.5
1631521532.622,4.29,0.5
1631521532.724,4.44,0.5
1631521532.826,4.59,0.5
1631521532.927,4.81,0.5
1631521533.028,5.15,0.5
1631521533.131,5.21,0.5
1631521533.232,5.43,0.5
1631521533.334,5.56,0.5
1631521533.436,5.76,0.5
1631521533.538,5.82,0.5
1631521533.64,5.93,0.5
1631521533.741,6.11,0.5
1631521533.842,6.21,0.5
1631521533.943,6.42,0.5
1631521534.044,6.46,0.5
1631521534.146,6.55,0.5
1631521534.249,6.55,0.5
1631521534.351,6.47,0.5
1631521534.453,6.47,0.5
1631521534.555,6.4,0.5
1631521534.657,6.46,0.5
1631521534.759,6.49,0.5
1631521534.861,6.42,0.5
1631521534.963,6.46,0.5
1631521535.065,6.4,0.5
1631521535.167,6.38,0.5
1631521535.269,6.33,0.5
1631521535.371,6.25,0.5
1631521535.473,6.34,0.5
1631521535.575,6.29,0.5
1631521535.677,6.28,0.5
1631521535.779,6.45,0.5
1631521535.881,6.26,0.5
1631521535.983,6.13,0.5
1631521536.084,5.99,0.5
1631521536.186,5.76,0.5
1631521536.288,5.48,0.5
1631521536.39,5.44,0.5
1631521536.492,5.36,0.5
1631521536.594,5.29,0.5
1631521536.696,5.24,0.5
1631521536.798,5.01,0.5
1631521536.9,4.8,0.5
1631521537.002,4.76,0.5
1631521537.104,4.55,0.5
1631521537.206,4.47,0.5
1631521537.308,4.4,0.5
1631521537.41,4.32,0.5
1631521537.512,4.23,0.5
1631521537.614,4.11,0.5
1631521537.716,3.96,0.5
1631521537.818,3.85,0.5
1631521537.92,3.86,0.5
1631521538.022,3.88,0.5
1631521538.124,4.22,0.5
1631521538.227,4.23,0.5
1631521538.329,4.31,0.5
1631521538.43,4.34,0.5
1631521538.532,4.32,0.5
1631521538.634,4.33,0.5
1631521538.736,4.48,0.5
1631521538.837,4.53,0.5
1631521538.938,4.53,0.5
1631521539.04,4.7,0.5
1631521539.142,4.66,0.5
1631521539.244,4.78,0.5
1631521539.347,5.01,0.5
1631521539.448,5.07,0.5
1631521539.551,5.17,0.5
1631521539.653,5.47,0.5
1631521539.755,5.4,0.5
1631521539.857,5.59,0.5
1631521539.959,5.65,0.5
1631521540.061,5.94,0.5
1631521540.163,5.96,0.5
1631521540.265,6.09,0.5
1631521540.367,6.22,0.5
1631521540.469,6.11,0.5
1631521540.571,6.19,0.5
1631521540.673,6.34,0.5
1631521540.775,6.3,0.6
1631521540.877,6.49,0.6
1631521540.979,6.53,0.6
1631521541.08,6.48,0.5
1631521541.182,6.54,0.5
1631521541.284,6.57,0.5
1631521541.386,6.6,0.5
1631521541.488,6.52,0.5
1631521541.59,6.43,0.5
1631521541.692,6.44,0.5
1631521541.794,6.46,0.5
1631521541.896,6.44,0.5
1631521541.998,6.51,0.5
1631521542.1,6.4,0.5
1631521542.202,6.44,0.5
1631521542.304,6.48,0.5
1631521542.406,6.44,0.5
1631521542.508,6.46,0.5
1631521542.61,6.44,0.5
1631521542.712,6.45,0.5
1631521542.814,6.45,0.5
1631521542.916,6.54,0.5
1631521543.018,6.65,0.5
1631521543.12,6.92,0.5
1631521543.222,6.97,0.5
1631521543.324,7.21,0.5
1631521543.425,7.48,0.5
1631521543.526,7.48,0.5
1631521543.629,7.81,0.5
1631521543.73,7.92,0.5
1631521543.832,8.22,0.5
1631521543.934,8.38,0.5
1631521544.036,8.44,0.5
1631521544.138,8.6,0.5
1631521544.24,8.74,0.5
1631521544.342,8.86,0.5
1631521544.444,9.09,0.5
1631521544.547,9.17,0.5
1631521544.648,9.37,0.5
1631521544.75,9.54,0.5
1631521544.853,9.72,0.5
1631521544.954,9.84,0.5
1631521545.057,10.03,0.5
1631521545.159,10.21,0.5
1631521545.261,10.41,0.5
1631521545.363,10.55,0.5
1631521545.465,10.8,0.5
1631521545.567,10.98,0.5
1631521545.669,11.25,0.5
1631521545.771,11.42,0.5
1631521545.873,11.36,0.5
1631521545.975,11.51,0.5
1631521546.076,11.5,0.5
1631521546.178,11.39,0.5
1631521546.28,11.44,0.5
1631521546.382,11.38,0.5
1631521546.484,11.38,0.5
1631521546.586,11.44,0.5
1631521546.688,11.4,0.5
1631521546.79,11.49,0.5
1631521546.892,11.58,0.5
1631521546.994,11.61,0.5
1631521547.096,11.66,0.5
1631521547.198,11.63,0.5
1631521547.3,11.62,0.5
1631521547.402,11.54,0.5
1631521547.504,11.57,0.5
1631521547.606,11.62,0.5
1631521547.708,11.55,0.5
1631521547.81,11.66,0.5
1631521547.912,11.59,0.5
1631521548.014,11.57,0.5
1631521548.116,11.56,0.5
1631521548.218,11.63,0.5
1631521548.32,11.51,0.5
1631521548.422,11.55,0.5
1631521548.524,11.47,0.5
1631521548.627,11.44,0.5
1631521548.728,11.42,0.5
1631521548.83,11.34,0.5
1631521548.933,11.42,0.5
1631521549.034,11.28,0.5
1631521549.136,11.32,0.5
1631521549.239,11.27,0.5
1631521549.34,11.29,0.5
1631521549.442,11.2,0.5
1631521549.544,11.23,0.5
1631521549.646,11.11,0.5
1631521549.748,11.06,0.5
1631521549.85,11.11,0.5
1631521549.952,10.93,0.5
1631521550.054,10.9,0.5
1631521550.155,10.89,0.5
1631521550.256,10.84,0.5
1631521550.357,10.78,0.5
1631521550.459,10.73,0.5
1631521550.561,10.65,0.5
1631521550.663,10.65,0.5
1631521550.765,10.67,0.5
1631521550.867,10.72,0.5
1631521550.969,10.57,0.5
1631521551.07,10.59,0.5
1631521551.172,10.46,0.5
1631521551.274,10.34,0.5
1631521551.376,10.3,0.5
1631521551.478,10.24,0.5
1631521551.58,10.17,0.5
1631521551.682,10.1,0.5
1631521551.784,10.06,0.5
1631521551.886,9.95,0.5
1631521551.988,9.85,0.5
1631521552.09,9.87,0.5
1631521552.192,9.75,0.5
1631521552.294,9.73,0.5
1631521552.396,9.64,0.5
1631521552.498,9.56,0.5
1631521552.6,9.41,0.5
1631521552.702,9.32,0.5
1631521552.804,9.2,0.5
1631521552.906,9.15,0.5
1631521553.008,9.02,0.5
1631521553.11,8.95,0.5
1631521553.212,8.8,0.5
1631521553.314,8.63,0.5
1631521553.416,8.64,0.5
1631521553.518,8.47,0.5
1631521553.62,8.33,0.5
1631521553.722,8.14,0.5
1631521553.823,7.95,0.5
1631521553.924,7.95,0.5
1631521554.027,7.68,0.5
1631521554.128,7.49,0.5
1631521554.23,7.25,0.5
1631521554.332,7.02,0.5
1631521554.434,6.9,0.5
1631521554.536,6.75,0.5
1631521554.638,6.59,0.5
1631521554.74,6.4,0.5
1631521554.841,6.39,0.5
1631521554.942,6.26,0.5
1631521555.044,6.13,0.5
1631521555.147,6.13,0.5
1631521555.248,6.07,0.5
1631521555.351,5.92,0.5
1631521555.452,5.99,0.5
1631521555.555,5.89,0.5
1631521555.657,5.86,0.5
1631521555.759,5.77,0.5
1631521555.861,5.63,0.5
1631521555.963,5.29,0.5
1631521556.064,5.15,0.5
1631521556.166,5.05,0.5
1631521556.268,5.03,0.5
1631521556.37,5.02,0.5
1631521556.472,4.89,0.5
1631521556.574,4.84,0.5
1631521556.676,4.75,0.5
1631521556.778,4.56,0.5
1631521556.88,4.53,0.5
1631521556.982,4.32,0.5
1631521557.084,4.17,0.5
1631521557.186,4.05,0.5
1631521557.288,3.91,0.5
1631521557.39,3.88,0.5
1631521557.492,3.73,0.5
1631521557.594,3.6,0.5
1631521557.696,3.57,0.5
1631521557.798,3.39,0.5
1631521557.9,3.44,0.5
1631521558.002,3.39,0.5
1631521558.104,3.32,0.5
1631521558.206,3.33,0.5
1631521558.308,3.31,0.5
1631521558.41,3.09,0.5
1631521558.512,3.04,0.5
1631521558.614,3.11,0.5
1631521558.716,3.02,0.5
1631521558.818,3.0,0.5
1631521558.92,2.92,0.5
1631521559.023,2.82,0.5
1631521559.125,2.76,0.5
1631521559.227,2.78,0.5
1631521559.328,2.69,0.5
1631521559.431,2.73,0.5
1631521559.532,2.71,0.5
1631521559.634,2.68,0.5
1631521559.737,2.59,0.5
1631521559.838,2.6,0.5
1631521559.94,2.54,0.5
1631521560.042,2.52,0.5
1631521560.145,2.46,0.5
1631521560.246,2.47,0.5
1631521560.347,2.41,0.5
1631521560.449,2.4,0.5
1631521560.551,2.33,0.5
1631521560.653,2.34,0.5
1631521560.755,2.33,0.5
1631521560.857,2.31,0.5
1631521560.959,2.21,0.5
1631521561.06,2.21,0.5
1631521561.162,2.16,0.5
1631521561.264,2.14,0.5
1631521561.366,2.11,0.5
1631521561.468,2.06,0.5
1631521561.57,2.12,0.5
1631521561.672,2.01,0.5
1631521561.774,1.98,0.5
1631521561.876,1.99,0.5
1631521561.978,1.93,0.5
1631521562.08,1.92,0.5
1631521562.182,1.89,0.5
1631521562.284,1.82,0.5
1631521562.386,1.77,0.5
1631521562.488,1.83,0.5
1631521562.59,1.74,0.5
1631521562.692,1.73,0.5
1631521562.794,1.76,0.5
1631521562.896,1.72,0.5
1631521562.998,1.74,0.5
1631521563.1,1.93,0.5
1631521563.202,2.06,0.5
1631521563.304,2.34,0.5
1631521563.406,2.46,0.5
1631521563.508,2.8,0.5
1631521563.61,2.92,0.5
1631521563.712,3.09,0.5
1631521563.814,3.24,0.5
1631521563.916,3.48,0.5
1631521564.018,3.63,0.5
1631521564.12,3.74,0.5
1631521564.221,4.17,0.5
1631521564.322,4.17,0.5
1631521564.425,4.6,0.5
1631521564.526,4.71,0.5
1631521564.628,4.8,0.5
1631521564.73,4.81,0.5
1631521564.832,4.94,0.5
1631521564.934,4.77,0.5
1631521565.035,4.69,0.5
1631521565.136,4.69,0.5
1631521565.237,4.6,0.5
1631521565.338,4.63,0.5
1631521565.441,4.56,0.5
1631521565.543,4.54,0.5
1631521565.645,4.54,0.5
1631521565.747,4.61,0.5
1631521565.849,4.55,0.5
1631521565.951,4.59,0.5
1631521566.052,4.53,0.5
1631521566.154,4.67,0.5
1631521566.256,4.78,0.5
1631521566.358,4.94,0.5
1631521566.46,5.12,0.5
1631521566.562,5.41,0.5
1631521566.664,5.54,0.5
1631521566.766,5.77,0.5
1631521566.868,5.93,0.5
1631521566.97,6.13,0.5
1631521567.072,6.23,0.5
1631521567.174,6.4,0.5
1631521567.276,6.54,0.5
1631521567.378,6.66,0.5
1631521567.48,6.88,0.5
1631521567.582,7.01,0.5
1631521567.684,7.27,0.5
1631521567.786,7.53,0.5
1631521567.888,7.73,0.5
1631521567.99,7.95,0.5
1631521568.092,8.19,0.5
1631521568.194,8.39,0.5
1631521568.296,8.72,0.5
1631521568.398,8.84,0.5
1631521568.5,9.11,0.5
1631521568.602,9.35,0.5
1631521568.704,9.52,0.5
1631521568.806,9.67,0.5
1631521568.908,9.7,0.5
1631521569.01,9.66,0.5
1631521569.112,9.6,0.5
1631521569.214,9.6,0.5
1631521569.316,9.54,0.5
1631521569.418,9.49,0.5
1631521569.52,9.4,0.5
1631521569.623,9.44,0.5
1631521569.725,9.37,0.5
1631521569.826,9.44,0.5
1631521569.928,9.56,0.5
1631521570.029,9.68,0.5
1631521570.13,9.76,0.5
1631521570.231,9.81,0.5
1631521570.333,10.1,0.5
1631521570.435,10.2,0.5
1631521570.537,10.26,0.5
1631521570.639,10.43,0.5
1631521570.741,10.6,0.5
1631521570.843,10.75,0.5
1631521570.945,11.01,0.5
1631521571.046,11.03,0.5
1631521571.148,11.19,0.5
1631521571.25,11.44,0.5
1631521571.352,11.38,0.5
1631521571.454,11.54,0.5
1631521571.556,11.49,0.5
1631521571.658,11.55,0.5
1631521571.76,11.38,0.5
1631521571.862,11.33,0.5
1631521571.964,11.24,0.5
1631521572.066,11.19,0.5
1631521572.168,11.13,0.5
1631521572.27,11.07,0.5
1631521572.372,10.98,0.5
1631521572.474,11.04,0.5
1631521572.576,11.09,0.5
1631521572.678,11.04,0.5
1631521572.78,11.03,0.5
1631521572.882,11.03,0.5
1631521572.984,10.95,0.5
1631521573.086,10.91,0.5
1631521573.188,10.92,0.5
1631521573.29,10.93,0.5
1631521573.392,10.91,0.5
1631521573.494,10.98,0.5
1631521573.596,10.97,0.5
1631521573.698,10.96,0.5
1631521573.8,10.9,0.5
1631521573.902,10.9,0.5
1631521574.004,10.87,0.5
1631521574.106,10.85,0.5
1631521574.208,10.84,0.5
1631521574.31,10.83,0.5
1631521574.412,10.96,0.5
1631521574.514,10.74,0.5
1631521574.616,10.84,0.5
1631521574.718,10.83,0.5
1631521574.82,10.85,0.5
1631521574.923,10.78,0.5
1631521575.025,10.82,0.5
1631521575.126,10.86,0.5
1631521575.227,10.93,0.5
1631521575.328,11.02,0.5
1631521575.431,11.14,0.5
1631521575.533,11.19,0.5
1631521575.635,11.29,0.5
1631521575.737,11.36,0.5
1631521575.839,11.38,0.5
1631521575.941,11.5,0.5
1631521576.042,11.59,0.5
1631521576.144,11.68,0.5
1631521576.246,11.84,0.5
1631521576.348,11.92,0.5
1631521576.45,12.03,0.5
1631521576.552,12.16,0.5
1631521576.654,12.25,0.5
1631521576.756,12.41,0.5
1631521576.858,12.56,0.5
1631521576.96,12.73,0.5
1631521577.062,12.89,0.5
1631521577.164,13.05,0.5
1631521577.266,13.25,0.5
1631521577.368,13.47,0.5
1631521577.47,13.56,0.5
1631521577.572,13.76,0.5
1631521577.674,13.94,0.5
1631521577.776,14.05,0.5
1631521577.878,14.23,0.5
1631521577.98,14.39,0.5
1631521578.082,14.56,0.5
1631521578.184,14.78,0.5
1631521578.286,14.87,0.5
1631521578.388,15.07,0.5
1631521578.49,15.16,0.5
1631521578.592,15.22,0.5
1631521578.694,15.16,0.5
1631521578.796,15.17,0.5
1631521578.898,15.11,0.5
1631521579.0,15.01,0.5
1631521579.102,15.07,0.5
1631521579.204,14.94,0.5
1631521579.306,14.94,0.5
1631521579.408,14.89,0.5
1631521579.511,14.83,0.5
1631521579.612,14.81,0.5
1631521579.714,14.79,0.5
1631521579.816,14.86,0.5
1631521579.918,14.88,0.5
1631521580.021,14.94,0.5
1631521580.123,15.11,0.5
1631521580.224,15.15,0.5
1631521580.325,15.24,0.5
1631521580.426,15.32,0.5
1631521580.527,15.42,0.5
1631521580.629,15.4,0.5
1631521580.731,15.31,0.5
1631521580.833,15.32,0.5
1631521580.935,15.27,0.5
1631521581.036,15.23,0.5
1631521581.138,15.2,0.5
1631521581.24,15.08,0.5
1631521581.342,15.0,0.5
1631521581.444,14.99,0.5
1631521581.546,14.85,0.5
1631521581.648,14.83,0.5
1631521581.75,14.71,0.5
1631521581.852,14.66,0.5
1631521581.954,14.52,0.5
1631521582.056,14.43,0.5
1631521582.158,14.31,0.5
1631521582.26,14.13,0.5
1631521582.362,14.08,0.5
1631521582.464,13.95,0.5
1631521582.566,13.83,0.5
1631521582.668,13.67,0.5
1631521582.77,13.38,0.5
1631521582.872,13.26,0.5
1631521582.974,13.15,0.5
1631521583.076,13.1,0.5
1631521583.178,13.14,0.5
1631521583.28,12.93,0.5
1631521583.382,12.85,0.5
1631521583.484,12.6,0.5
1631521583.586,12.44,0.5
1631521583.688,12.25,0.5
1631521583.79,12.21,0.5
1631521583.892,11.95,0.5
1631521583.994,11.79,0.5
1631521584.096,11.95,0.5
1631521584.198,11.89,0.5
1631521584.3,11.74,0.5
1631521584.402,11.58,0.5
1631521584.504,11.45,0.5
1631521584.606,11.26,0.5
1631521584.708,11.11,0.5
1631521584.81,11.0,0.5
1631521584.912,10.85,0.5
1631521585.014,10.67,0.5
1631521585.116,10.54,0.5
1631521585.217,10.39,0.5
1631521585.318,10.3,0.5
1631521585.42,10.18,0.5
1631521585.521,9.7,0.5
1631521585.623,9.79,0.5
1631521585.725,9.54,0.5
1631521585.826,9.25,0.5
1631521585.929,9.14,0.5
1631521586.03,8.85,0.5
1631521586.132,8.49,0.5
1631521586.234,8.37,0.5
1631521586.336,8.05,0.5
1631521586.438,7.43,0.5
1631521586.54,7.45,0.5
1631521586.642,7.32,0.5
1631521586.744,7.13,0.5
1631521586.846,7.05,0.5
1631521586.948,6.63,0.5
1631521587.05,6.46,0.5
1631521587.152,6.15,0.5
1631521587.254,5.86,0.5
1631521587.356,5.76,0.5
1631521587.458,5.53,0.5
1631521587.56,5.43,0.5
1631521587.662,5.21,0.5
1631521587.764,5.05,0.5
1631521587.866,4.94,0.5
1631521587.968,4.7,0.5
1631521588.07,4.66,0.5
1631521588.172,4.46,0.5
1631521588.274,4.27,0.5
1631521588.376,4.08,0.5
1631521588.478,3.99,0.5
1631521588.58,3.91,0.5
1631521588.682,3.74,0.5
1631521588.784,3.55,0.5
1631521588.886,3.4,0.5
1631521588.988,3.18,0.5
1631521589.09,3.08,0.5
1631521589.192,2.84,0.5
1631521589.294,2.76,0.5
1631521589.396,2.56,0.5
1631521589.498,2.4,0.5
1631521589.6,2.2,0.5
1631521589.702,2.12,0.5
1631521589.804,2.06,0.5
1631521589.906,1.82,0.5
1631521590.008,1.77,0.5
1631521590.11,1.65,0.5
1631521590.212,1.47,0.5
1631521590.313,1.29,0.5
1631521590.414,1.22,0.5
1631521590.516,1.07,0.5
1631521590.618,1.1,0.5
1631521590.719,0.9,0.5
1631521590.821,0.73,0.5
1631521590.922,0.69,0.5
1631521591.021,0.59,0.5
1631521591.122,0.52,0.5
1631521591.225,0.47,0.5
1631521591.327,0.38,0.5
1631521591.429,0.34,0.5
1631521591.531,0.27,0.5
1631521591.633,0.24,0.5
1631521591.735,0.21,0.5
1631521591.837,0.13,0.5
1631521591.939,0.08,0.5
1631521592.041,0.1,0.5
1631521592.143,0.09,0.5
1631521592.245,0.09,0.5
1631521592.347,0.06,0.5
1631521592.449,0.02,0.5
1631521592.551,0.05,0.5
1631521592.653,0.01,0.5
1631521592.755,0.01,0.5
1631521592.857,0.05,0.5
1631521592.959,0.02,0.5
1631521593.061,0.03,0.5
1631521593.163,0.03,0.5
1631521593.265,0.06,0.5
1631521593.367,0.03,0.5
1631521593.469,0.03,0.5
1631521593.571,0.01,0.5
1631521593.673,0.01,0.5
1631521593.775,0.03,0.5
1631521593.877,0.01,0.5
1631521593.979,0.02,0.5
1631521594.081,0.06,0.5
1631521594.183,0.03,0.5
1631521594.285,0.0,0.5
1631521594.387,0.03,0.5
1631521594.489,0.04,0.5
1631521594.591,0.02,0.5
1631521594.693,0.04,0.5
1631521594.795,0.04,0.5
1631521594.897,0.05,0.5
1631521594.999,0.02,0.5
1631521595.101,0.02,0.5
1631521595.203,0.01,0.5
1631521595.305,0.01,0.5
1631521595.406,0.01,0.5
1631521595.507,0.01,0.5
1631521595.609,0.02,0.5
1631521595.711,0.02,0.5
1631521595.813,0.08,0.5
1631521595.915,0.02,0.5
1631521596.016,0.21,0.5
1631521596.117,0.25,0.5
1631521596.22,0.32,0.5
1631521596.321,0.39,0.5
1631521596.424,0.47,0.5
1631521596.526,0.63,0.5
1631521596.628,0.82,0.5
1631521596.73,0.96,0.5
1631521596.832,1.12,0.5
1631521596.934,1.41,0.5
1631521597.036,1.66,0.5
1631521597.138,1.79,0.5
1631521597.24,2.09,0.5
1631521597.342,2.27,0.5
1631521597.444,2.5,0.5
1631521597.546,2.56,0.5
1631521597.648,2.97,0.5
1631521597.75,3.13,0.5
1631521597.852,3.3,0.5
1631521597.954,3.61,0.5
1631521598.056,3.69,0.5
1631521598.158,3.94,0.5
1631521598.26,4.09,0.5
1631521598.362,4.22,0.5
1631521598.464,4.5,0.5
1631521598.566,4.51,0.5
1631521598.668,4.6,0.5
1631521598.77,4.7,0.5
1631521598.872,4.8,0.5
1631521598.974,4.86,0.5
1631521599.076,4.95,0.5
1631521599.178,5.07,0.5
1631521599.28,5.27,0.5
1631521599.382,5.35,0.5
1631521599.484,5.49,0.5
1631521599.586,5.63,0.5
1631521599.688,5.7,0.5
1631521599.79,5.76,0.5
1631521599.892,6.06,0.5
1631521599.994,6.05,0.5
1631521600.096,6.16,0.5
1631521600.198,6.32,0.5
1631521600.3,6.25,0.5
1631521600.402,6.19,0.5
1631521600.504,6.18,0.5
1631521600.606,6.22,0.5
1631521600.708,6.31,0.5
1631521600.809,6.29,0.5
1631521600.91,6.25,0.5
1631521601.01,6.25,0.5
1631521601.113,6.28,0.5
1631521601.214,6.36,0.5
1631521601.315,6.36,0.5
1631521601.416,6.41,0.5
1631521601.517,6.67,0.5
1631521601.619,6.81,0.5
1631521601.721,7.12,0.5
1631521601.823,7.31,0.5
1631521601.925,7.36,0.5
1631521602.027,7.66,0.5
1631521602.129,7.75,0.5
1631521602.231,7.72,0.5
1631521602.333,7.94,0.5
1631521602.435,8.13,0.5
1631521602.537,8.26,0.5
1631521602.639,8.5,0.5
1631521602.741,8.69,0.5
1631521602.843,8.99,0.5
1631521602.945,9.23,0.5
1631521603.047,9.41,0.5
1631521603.149,9.54,0.5
1631521603.251,9.7,0.5
1631521603.353,10.0,0.5
1631521603.455,10.22,0.5
1631521603.557,10.52,0.5
1631521603.659,10.73,0.5
1631521603.761,10.99,0.5
1631521603.863,11.2,0.5
1631521603.965,11.43,0.5
1631521604.067,11.59,0.5
1631521604.169,11.66,0.5
1631521604.271,11.89,0.5
1631521604.373,11.84,0.5
1631521604.475,11.78,0.5
1631521604.577,11.69,0.5
1631521604.679,11.7,0.5
1631521604.781,11.7,0.5
1631521604.883,11.79,0.5
1631521604.985,11.76,0.5
1631521605.087,11.72,0.5
1631521605.189,11.72,0.5
1631521605.291,11.91,0.5
1631521605.393,11.91,0.5
1631521605.495,11.98,0.5
1631521605.598,12.12,0.5
1631521605.699,12.41,0.5
1631521605.801,12.34,0.5
1631521605.903,12.6,0.5
1631521606.004,12.69,0.5
1631521606.106,12.91,0.5
1631521606.209,13.12,0.5
1631521606.31,13.24,0.6
1631521606.411,13.37,0.6
1631521606.513,13.67,0.6
1631521606.614,13.67,0.6
1631521606.717,14.11,0.6
1631521606.819,14.16,0.6
1631521606.921,14.31,0.6
1631521607.023,14.49,0.6
1631521607.125,14.67,0.6
1631521607.227,14.89,0.6
1631521607.329,15.06,0.6
1631521607.431,15.21,0.6
1631521607.533,15.42,0.6
1631521607.635,15.67,0.6
1631521607.737,15.81,0.6
1631521607.839,15.99,0.6
1631521607.941,16.15,0.6
1631521608.043,16.37,0.6
1631521608.145,16.55,0.6
1631521608.247,16.79,0.6
1631521608.349,16.92,0.6
1631521608.451,17.01,0.6
1631521608.553,16.9,0.6
1631521608.655,16.88,0.6
1631521608.757,16.93,0.6
1631521608.859,16.9,0.6
1631521608.961,16.95,0.6
1631521609.063,16.95,0.6
1631521609.165,16.9,0.6
1631521609.267,16.89,0.6
1631521609.369,16.83,0.6
1631521609.471,16.94,0.6
1631521609.573,17.02,0.6
1631521609.675,17.11,0.6
1631521609.777,17.07,0.6
1631521609.879,16.89,0.6
1631521609.981,16.81,0.6
1631521610.083,16.81,0.6
1631521610.185,16.75,0.6
1631521610.287,16.77,0.5
1631521610.389,16.77,0.5
1631521610.491,16.81,0.5
1631521610.593,16.74,0.5
1631521610.695,16.82,0.5
1631521610.797,16.86,0.5
1631521610.899,16.9,0.5
1631521611.0,16.97,0.5
1631521611.102,17.01,0.5
1631521611.204,17.01,0.5
1631521611.305,17.11,0.5
1631521611.406,17.12,0.5
1631521611.508,17.22,0.5
1631521611.61,17.15,0.5
1631521611.711,17.27,0.5
1631521611.813,17.32,0.5
1631521611.914,17.31,0.5
1631521612.015,17.32,0.5
1631521612.117,17.35,0.5
1631521612.219,17.43,0.5
1631521612.321,17.45,0.5
1631521612.423,17.57,0.5
1631521612.525,17.55,0.5
1631521612.627,17.59,0.5
1631521612.729,17.66,0.5
1631521612.831,17.68,0.5
1631521612.933,17.63,0.5
1631521613.035,17.72,0.5
1631521613.137,17.75,0.5
1631521613.239,17.78,0.5
1631521613.341,17.86,0.5
1631521613.443,17.83,0.5
1631521613.545,17.85,0.5
1631521613.647,17.9,0.5
1631521613.749,17.86,0.5
1631521613.851,17.92,0.5
1631521613.953,17.93,0.5
1631521614.055,17.99,0.5
1631521614.157,17.99,0.5
1631521614.259,18.07,0.5
1631521614.361,18.11,0.5
1631521614.463,18.14,0.5
1631521614.565,18.09,0.5
1631521614.667,18.16,0.5
1631521614.769,18.11,0.5
1631521614.871,18.14,0.5
1631521614.973,18.22,0.5
1631521615.075,18.15,0.5
1631521615.177,18.21,0.5
1631521615.279,18.15,0.5
1631521615.381,18.28,0.5
1631521615.483,18.29,0.5
1631521615.585,18.3,0.5
1631521615.687,18.36,0.5
1631521615.789,18.31,0.5
1631521615.891,18.27,0.5
1631521615.993,18.32,0.5
1631521616.093,18.36,0.5
1631521616.194,18.32,0.5
1631521616.296,18.42,0.5
1631521616.398,18.31,0.5
1631521616.5,18.34,0.5
1631521616.602,18.24,0.5
1631521616.704,18.34,0.5
1631521616.806,18.32,0.5
1631521616.907,18.43,0.5
1631521617.009,18.31,0.5
1631521617.111,18.26,0.5
1631521617.212,18.22,0.5
1631521617.313,18.3,0.5
1631521617.415,18.34,0.5
1631521617.517,18.39,0.5
1631521617.619,18.38,0.5
1631521617.721,18.21,0.5
1631521617.823,18.19,0.5
1631521617.925,18.22,0.5
1631521618.027,18.18,0.5
1631521618.129,18.26,0.5
1631521618.231,18.24,0.5
1631521618.333,18.23,0.5
1631521618.435,18.11,0.5
1631521618.537,18.11,0.5
1631521618.639,18.05,0.5
1631521618.741,18.19,0.5
1631521618.843,18.13,0.5
1631521618.945,17.94,0.5
1631521619.047,17.92,0.5
1631521619.149,17.82,0.5
1631521619.251,18.1,0.5
1631521619.353,18.26,0.5
1631521619.455,18.41,0.6
1631521619.557,18.14,0.6
1631521619.659,18.21,0.6
1631521619.761,18.23,0.6
1631521619.863,18.27,0.6
1631521619.965,18.17,0.6
1631521620.067,18.08,0.6
1631521620.169,18.15,0.6
1631521620.271,18.19,0.6
1631521620.373,18.2,0.6
1631521620.475,18.18,0.6
1631521620.577,18.17,0.6
1631521620.679,18.26,0.6
1631521620.781,18.24,0.6
1631521620.883,18.21,0.6
1631521620.985,18.22,0.6
1631521621.086,18.15,0.6
1631521621.188,18.2,0.6
1631521621.29,18.13,0.6
1631521621.392,18.09,0.6
1631521621.494,18.08,0.6
1631521621.596,18.16,0.6
1631521621.698,18.15,0.6
1631521621.8,18.1,0.6
1631521621.902,18.18,0.6
1631521622.004,18.13,0.5
1631521622.106,18.24,0.5
1631521622.208,18.11,0.5
1631521622.309,18.05,0.5
1631521622.41,18.03,0.5
1631521622.511,18.15,0.5
1631521622.613,18.15,0.5
1631521622.714,18.13,0.5
1631521622.817,18.15,0.5
1631521622.919,18.1,0.5
1631521623.021,18.04,0.5
1631521623.123,18.11,0.5
1631521623.225,18.2,0.5
1631521623.327,18.13,0.5
1631521623.429,17.97,0.5
1631521623.531,17.83,0.5
1631521623.633,17.86,0.5
1631521623.735,17.89,0.5
1631521623.837,18.09,0.5
1631521623.939,18.05,0.5
1631521624.041,17.99,0.5
1631521624.143,18.04,0.5
1631521624.245,17.99,0.5
1631521624.347,17.94,0.5
1631521624.449,18.0,0.5
1631521624.551,18.0,0.5
1631521624.653,17.98,0.5
1631521624.755,17.88,0.5
1631521624.857,17.84,0.5
1631521624.959,17.86,0.5
1631521625.061,17.97,0.5
1631521625.163,17.98,0.5
1631521625.265,17.93,0.5
1631521625.367,17.83,0.5
1631521625.469,17.76,0.5
1631521625.571,17.92,0.5
1631521625.673,17.93,0.5
1631521625.775,17.88,0.5
1631521625.877,17.92,0.5
1631521625.979,17.8,0.5
1631521626.08,17.79,0.5
1631521626.182,17.76,0.5
1631521626.284,17.91,0.5
1631521626.386,17.88,0.5
1631521626.488,18.02,0.5
1631521626.59,17.94,0.5
1631521626.692,17.73,0.5
1631521626.794,17.63,0.5
1631521626.895,17.61,0.5
1631521626.996,17.67,0.5
1631521627.098,17.72,0.5
1631521627.2,17.78,0.5
1631521627.302,17.79,0.5
1631521627.404,17.69,0.5
1631521627.506,17.59,0.6
1631521627.607,17.65,0.6
1631521627.709,17.69,0.6
1631521627.81,17.73,0.6
1631521627.913,17.73,0.6
1631521628.015,17.73,0.6
1631521628.117,17.65,0.6
1631521628.219,17.67,0.6
1631521628.321,17.75,0.6
1631521628.423,17.75,0.6
1631521628.525,17.82,0.6
1631521628.627,17.71,0.6
1631521628.729,17.56,0.6
1631521628.831,17.53,0.6
1631521628.933,17.63,0.6
1631521629.035,17.75,0.6
1631521629.137,17.71,0.6
1631521629.239,17.83,0.6
1631521629.341,17.8,0.6
1631521629.443,17.86,0.6
1631521629.545,17.78,0.6
1631521629.647,17.79,0.6
1631521629.749,17.67,0.6
1631521629.851,17.87,0.6
1631521629.953,17.96,0.6
1631521630.055,17.99,0.6
1631521630.157,17.93,0.6
1631521630.259,17.91,0.6
1631521630.361,17.97,0.6
1631521630.463,18.1,0.6
1631521630.565,18.08,0.6
1631521630.667,17.9,0.6
1631521630.769,17.92,0.6
1631521630.871,17.96,0.6
1631521630.973,17.96,0.6
1631521631.074,18.06,0.6
1631521631.176,18.12,0.6
1631521631.278,17.99,0.6
1631521631.38,18.0,0.6
1631521631.482,18.12,0.6
1631521631.584,18.03,0.6
1631521631.686,17.93,0.6
1631521631.788,18.13,0.6
1631521631.89,18.15,0.6
1631521631.992,18.21,0.6
1631521632.094,18.06,0.6
1631521632.196,18.05,0.6
1631521632.298,18.06,0.6
1631521632.4,18.16,0.6
1631521632.502,18.14,0.6
1631521632.603,18.05,0.6
1631521632.704,18.02,0.6
1631521632.806,18.07,0.6
1631521632.907,18.14,0.6
1631521633.009,18.18,0.6
1631521633.111,18.15,0.6
1631521633.212,18.02,0.6
1631521633.313,18.08,0.6
1631521633.414,18.08,0.6
1631521633.515,18.08,0.6
1631521633.617,18.05,0.6
1631521633.719,18.08,0.6
1631521633.821,18.05,0.6
1631521633.923,18.1,0.6
1631521634.025,18.14,0.6
1631521634.127,18.12,0.6
1631521634.229,18.12,0.6
1631521634.331,18.09,0.6
1631521634.433,18.17,0.6
1631521634.535,18.14,0.6
1631521634.637,18.17,0.6
1631521634.739,18.15,0.6
1631521634.841,18.18,0.6
1631521634.943,18.02,0.6
1631521635.045,17.98,0.6
1631521635.147,18.09,0.6
1631521635.249,18.26,0.6
1631521635.351,18.2,0.6
1631521635.453,18.26,0.6
1631521635.555,18.18,0.6
1631521635.657,18.16,0.6
1631521635.759,18.16,0.6
1631521635.861,18.1,0.6
1631521635.963,18.01,0.6
1631521636.064,18.13,0.6
1631521636.166,18.17,0.6
1631521636.268,18.16,0.6
1631521636.37,18.13,0.6
1631521636.472,18.15,0.6
1631521636.574,18.12,0.6
1631521636.676,18.2,0.6
1631521636.778,18.22,0.6
1631521636.88,18.07,0.6
1631521636.982,18.08,0.6
1631521637.084,18.13,0.6
1631521637.186,18.12,0.6
1631521637.288,18.16,0.6
1631521637.39,18.12,0.6
1631521637.492,18.07,0.6
1631521637.594,18.16,0.6
1631521637.696,18.12,0.6
1631521637.798,18.12,0.6
1631521637.9,18.26,0.6
1631521638.001,18.17,0.6
1631521638.102,18.21,0.6
1631521638.204,18.16,0.6
1631521638.306,18.17,0.6
1631521638.407,18.15,0.6
1631521638.509,18.15,0.6
1631521638.61,18.18,0.6
1631521638.711,18.17,0.6
1631521638.812,18.2,0.6
1631521638.913,18.21,0.6
1631521639.015,18.14,0.6
1631521639.117,18.17,0.6
1631521639.219,18.18,0.6
1631521639.321,18.19,0.6
1631521639.423,18.16,0.6
1631521639.525,18.18,0.6
1631521639.627,18.19,0.6
1631521639.729,18.21,0.6
1631521639.831,18.24,0.6
1631521639.933,18.28,0.6
1631521640.035,18.31,0.6
1631521640.137,18.17,0.6
1631521640.239,18.19,0.6
1631521640.341,18.2,0.6
1631521640.443,18.26,0.6
1631521640.545,18.31,0.6
1631521640.647,18.24,0.6
1631521640.749,18.2,0.6
1631521640.851,18.25,0.6
1631521640.953,18.26,0.6
1631521641.054,18.22,0.6
1631521641.156,18.24,0.6
1631521641.258,18.29,0.6
1631521641.36,18.2,0.6
1631521641.462,18.24,0.6
1631521641.564,18.24,0.6
1631521641.666,18.22,0.6
1631521641.768,18.15,0.6
1631521641.87,18.15,0.6
1631521641.972,18.03,0.6
1631521642.074,18.08,0.6
1631521642.176,18.07,0.6
1631521642.278,18.12,0.6
1631521642.38,18.12,0.6
1631521642.482,18.06,0.6
1631521642.584,18.09,0.6
1631521642.686,18.04,0.6
1631521642.788,18.05,0.6
1631521642.89,18.06,0.6
1631521642.992,18.01,0.6
1631521643.094,18.02,0.6
1631521643.196,18.04,0.6
1631521643.298,18.03,0.6
1631521643.4,18.0,0.6
1631521643.503,17.97,0.6
1631521643.604,17.97,0.6
1631521643.706,17.92,0.6
1631521643.808,17.89,0.6
1631521643.91,17.92,0.6
1631521644.013,17.85,0.6
1631521644.115,17.81,0.6
1631521644.217,17.83,0.6
1631521644.319,17.83,0.6
1631521644.421,17.84,0.6
1631521644.523,17.85,0.6
1631521644.625,17.8,0.6
1631521644.727,17.86,0.6
1631521644.829,17.74,0.6
1631521644.931,17.75,0.6
1631521645.033,17.75,0.6
1631521645.135,17.69,0.6
1631521645.237,17.73,0.6
1631521645.339,17.74,0.6
1631521645.441,17.72,0.6
1631521645.543,17.69,0.6
1631521645.645,17.66,0.6
1631521645.747,17.66,0.6
1631521645.849,17.65,0.6
1631521645.951,17.61,0.6
1631521646.052,17.6,0.6
1631521646.154,17.58,0.5
1631521646.256,17.58,0.5
1631521646.358,17.54,0.5
1631521646.46,17.54,0.5
1631521646.562,17.53,0.5
1631521646.664,17.54,0.5
1631521646.766,17.54,0.5
1631521646.868,17.47,0.5
1631521646.97,17.51,0.5
1631521647.072,17.43,0.5
1631521647.174,17.47,0.5
1631521647.276,17.47,0.5
1631521647.378,17.52,0.5
1631521647.48,17.49,0.5
1631521647.582,17.39,0.5
1631521647.684,17.35,0.5
1631521647.786,17.4,0.5
1631521647.888,17.47,0.5
1631521647.99,17.54,0.5
1631521648.092,17.6,0.5
1631521648.193,17.57,0.5
1631521648.294,17.45,0.5
1631521648.396,17.43,0.5
1631521648.498,17.44,0.5
1631521648.6,17.47,0.5
1631521648.703,17.58,0.5
1631521648.804,17.58,0.5
1631521648.905,17.53,0.5
1631521649.006,17.41,0.5
1631521649.108,17.5,0.5
1631521649.209,17.5,0.5
1631521649.311,17.53,0.5
1631521649.413,17.55,0.5
1631521649.515,17.55,0.5
1631521649.617,17.64,0.5
1631521649.719,17.63,0.6
1631521649.821,17.41,0.6
1631521649.923,17.61,0.6
1631521650.025,17.61,0.6
1631521650.127,17.59,0.6
1631521650.229,17.53,0.6
1631521650.331,17.56,0.6
1631521650.433,17.59,0.6
1631521650.535,17.57,0.6
1631521650.637,17.58,0.6
1631521650.739,17.6,0.6
1631521650.841,17.62,0.6
1631521650.943,17.7,0.6
1631521651.044,17.66,0.6
1631521651.146,17.64,0.6
1631521651.248,17.67,0.6
1631521651.35,17.66,0.6
1631521651.452,17.64,0.6
1631521651.554,17.65,0.6
1631521651.656,17.61,0.6
1631521651.758,17.63,0.6
1631521651.86,17.54,0.6
1631521651.962,17.63,0.6
1631521652.064,17.61,0.6
1631521652.166,17.7,0.6
1631521652.268,17.7,0.6
1631521652.37,17.67,0.6
1631521652.472,17.72,0.6
1631521652.574,17.62,0.6
1631521652.676,17.71,0.6
1631521652.778,17.71,0.6
1631521652.88,17.71,0.5
1631521652.982,17.77,0.5
1631521653.084,17.76,0.5
1631521653.186,17.79,0.5
1631521653.288,17.86,0.5
1631521653.39,17.74,0.5
1631521653.492,17.84,0.5
1631521653.593,17.81,0.5
1631521653.694,17.83,0.5
1631521653.796,17.79,0.5
1631521653.899,17.83,0.5
1631521654.0,17.87,0.5
1631521654.102,17.93,0.5
1631521654.205,17.96,0.5
1631521654.306,17.91,0.5
1631521654.407,17.81,0.5
1631521654.509,17.84,0.5
1631521654.611,17.85,0.5
1631521654.713,17.87,0.5
1631521654.815,17.87,0.5
1631521654.917,17.88,0.5
1631521655.019,17.89,0.5
1631521655.121,17.89,0.5
1631521655.223,17.97,0.5
1631521655.325,18.03,0.5
1631521655.427,18.01,0.5
1631521655.529,18.02,0.5
1631521655.631,18.01,0.5
1631521655.733,18.04,0.5
1631521655.835,18.01,0.5
1631521655.937,18.06,0.5
1631521656.038,18.12,0.5
1631521656.14,18.11,0.5
1631521656.242,18.15,0.5
1631521656.344,18.16,0.5
1631521656.446,18.16,0.5
1631521656.548,18.2,0.5
1631521656.65,18.22,0.5
1631521656.752,18.22,0.5
1631521656.854,18.25,0.5
1631521656.956,18.21,0.5
1631521657.058,18.25,0.5
1631521657.16,18.26,0.5
1631521657.262,18.3,0.5
1631521657.364,18.35,0.5
1631521657.466,18.33,0.5
1631521657.568,18.32,0.5
1631521657.67,18.31,0.5
1631521657.772,18.41,0.5
1631521657.874,18.44,0.5
1631521657.976,18.49,0.5
1631521658.078,18.46,0.5
1631521658.18,18.46,0.5
1631521658.282,18.47,0.5
1631521658.384,18.36,0.5
1631521658.486,18.43,0.5
1631521658.588,18.45,0.6
1631521658.69,18.45,0.6
1631521658.792,18.5,0.6
1631521658.894,18.57,0.6
1631521658.995,18.48,0.6
1631521659.096,18.54,0.6
1631521659.199,18.61,0.6
1631521659.3,18.6,0.6
1631521659.401,18.67,0.6
1631521659.503,18.65,0.6
1631521659.605,18.65,0.6
1631521659.707,18.72,0.6
1631521659.809,18.79,0.6
1631521659.911,18.68,0.6
1631521660.013,18.74,0.6
1631521660.115,18.79,0.6
1631521660.217,18.73,0.6
1631521660.319,18.81,0.6
1631521660.421,18.77,0.6
1631521660.523,18.8,0.6
1631521660.625,18.75,0.6
1631521660.727,18.77,0.6
1631521660.829,18.92,0.6
1631521660.931,18.85,0.6
1631521661.032,18.84,0.6
1631521661.134,18.87,0.6
1631521661.236,18.78,0.6
1631521661.338,18.8,0.6
1631521661.44,18.87,0.6
1631521661.542,18.92,0.6
1631521661.644,18.93,0.6
1631521661.746,18.92,0.6
1631521661.848,18.95,0.6
1631521661.95,18.82,0.6
1631521662.052,18.69,0.6
1631521662.154,18.67,0.6
1631521662.256,18.68,0.6
1631521662.358,18.8,0.6
1631521662.46,18.91,0.6
1631521662.562,18.74,0.6
1631521662.664,19.01,0.6
1631521662.766,18.79,0.6
1631521662.868,18.59,0.6
1631521662.97,18.9,0.6
1631521663.072,18.89,0.6
1631521663.174,19.03,0.6
1631521663.275,18.8,0.6
1631521663.376,18.91,0.6
1631521663.478,18.67,0.6
1631521663.58,18.42,0.6
1631521663.682,18.84,0.6
1631521663.784,18.73,0.6
1631521663.886,18.79,0.6
1631521663.988,18.71,0.6
1631521664.09,18.52,0.6
1631521664.192,18.55,0.6
1631521664.294,18.64,0.6
1631521664.395,18.55,0.6
1631521664.496,18.77,0.6
1631521664.599,18.71,0.6
1631521664.701,18.67,0.6
1631521664.803,18.53,0.6
1631521664.905,18.54,0.6
1631521665.007,18.52,0.6
1631521665.109,18.5,0.6
1631521665.211,18.52,0.6
1631521665.313,18.68,0.6
1631521665.415,18.4,0.6
1631521665.517,18.37,0.6
1631521665.619,18.59,0.6
1631521665.721,18.52,0.6
1631521665.823,18.45,0.6
1631521665.925,18.48,0.6
1631521666.026,18.48,0.6
1631521666.128,18.31,0.6
1631521666.23,18.31,0.6
1631521666.332,18.34,0.6
1631521666.434,18.31,0.6
1631521666.536,18.31,0.6
1631521666.638,18.16,0.6
1631521666.74,18.19,0.6
1631521666.842,18.25,0.6
1631521666.944,18.26,0.6
1631521667.046,18.25,0.6
1631521667.148,18.32,0.6
1631521667.25,18.37,0.6
1631521667.352,18.06,0.6
1631521667.454,18.24,0.6
1631521667.556,18.09,0.6
1631521667.658,17.98,0.6
1631521667.76,17.98,0.6
1631521667.862,18.03,0.6
1631521667.964,18.09,0.6
1631521668.066,18.36,0.6
1631521668.168,18.36,0.6
1631521668.27,18.36,0.6
1631521668.372,18.26,0.6
1631521668.474,17.94,0.6
1631521668.576,17.95,0.6
1631521668.679,18.04,0.6
1631521668.78,18.04,0.6
1631521668.882,18.11,0.6
1631521668.984,17.98,0.6
1631521669.086,17.87,0.6
1631521669.188,17.94,0.6
1631521669.29,17.82,0.6
1631521669.391,17.73,0.6
1631521669.493,17.76,0.6
1631521669.595,17.71,0.6
1631521669.697,17.88,0.6
1631521669.799,17.84,0.6
1631521669.901,17.68,0.6
1631521670.003,17.73,0.6
1631521670.105,17.71,0.6
1631521670.207,17.75,0.6
1631521670.309,17.96,0.6
1631521670.411,17.71,0.6
1631521670.513,17.71,0.6
1631521670.615,17.63,0.6
1631521670.717,17.64,0.6
1631521670.819,17.47,0.6
1631521670.921,17.72,0.6
1631521671.022,17.62,0.6
1631521671.124,17.69,0.6
1631521671.226,17.65,0.6
1631521671.328,17.6,0.6
1631521671.43,17.66,0.6
1631521671.532,17.7,0.6
1631521671.634,17.69,0.6
1631521671.736,17.56,0.6
1631521671.838,17.65,0.6
1631521671.94,17.64,0.6
1631521672.042,17.45,0.6
1631521672.144,17.47,0.6
1631521672.246,17.54,0.6
1631521672.348,17.51,0.6
1631521672.45,17.56,0.6
1631521672.552,17.42,0.6
1631521672.654,17.51,0.6
1631521672.756,17.43,0.6
1631521672.858,17.54,0.6
1631521672.96,17.56,0.6
1631521673.062,17.51,0.6
1631521673.164,17.45,0.6
1631521673.266,17.44,0.6
1631521673.368,17.45,0.6
1631521673.47,17.49,0.6
1631521673.572,17.51,0.6
1631521673.674,17.44,0.6
1631521673.775,17.49,0.6
1631521673.876,17.45,0.6
1631521673.978,17.43,0.6
1631521674.08,17.47,0.6
1631521674.182,17.48,0.6
1631521674.284,17.45,0.6
1631521674.387,17.47,0.6
1631521674.488,17.44,0.6
1631521674.591,17.45,0.6
1631521674.693,17.41,0.6
1631521674.795,17.36,0.6
1631521674.897,17.38,0.6
1631521674.999,17.43,0.6
1631521675.101,17.41,0.6
1631521675.203,17.45,0.6
1631521675.305,17.46,0.6
1631521675.407,17.46,0.6
1631521675.509,17.32,0.6
1631521675.611,17.35,0.6
1631521675.713,17.45,0.6
1631521675.815,17.49,0.6
1631521675.917,17.52,0.6
1631521676.018,17.45,0.6
1631521676.12,17.53,0.6
1631521676.222,17.57,0.6
1631521676.324,17.53,0.6
1631521676.426,17.57,0.6
1631521676.528,17.65,0.6
1631521676.63,17.61,0.6
1631521676.732,17.6,0.6
1631521676.834,17.64,0.6
1631521676.936,17.68,0.6
1631521677.038,17.66,0.6
1631521677.14,17.64,0.6
1631521677.242,17.8,0.6
1631521677.344,17.69,0.6
1631521677.446,17.76,0.6
1631521677.548,17.78,0.6
1631521677.65,17.74,0.6
1631521677.752,17.88,0.6
1631521677.854,17.97,0.6
1631521677.956,17.95,0.6
1631521678.058,18.0,0.6
1631521678.16,17.95,0.6
1631521678.262,17.98,0.6
1631521678.364,18.05,0.6
1631521678.466,18.06,0.6
1631521678.568,18.17,0.6
1631521678.671,18.2,0.6
1631521678.772,18.29,0.6
1631521678.874,18.25,0.6
1631521678.976,18.27,0.6
1631521679.078,18.36,0.6
1631521679.18,18.37,0.6
1631521679.282,18.38,0.6
1631521679.384,18.4,0.6
1631521679.487,18.57,0.6
1631521679.589,18.54,0.6
1631521679.691,18.42,0.6
1631521679.793,18.56,0.6
1631521679.895,18.68,0.6
1631521679.997,18.59,0.6
1631521680.099,18.53,0.6
1631521680.201,18.55,0.6
1631521680.303,18.67,0.6
1631521680.405,18.81,0.6
1631521680.507,18.66,0.6
1631521680.609,18.75,0.6
1631521680.711,18.72,0.6
1631521680.813,18.73,0.6
1631521680.915,18.86,0.6
1631521681.016,18.77,0.6
1631521681.118,18.75,0.6
1631521681.22,18.81,0.6
1631521681.322,18.81,0.6
1631521681.424,18.91,0.6
1631521681.526,18.78,0.6
1631521681.628,18.86,0.6
1631521681.73,19.06,0.6
1631521681.832,18.97,0.6
1631521681.934,18.81,0.6
1631521682.036,18.78,0.6
1631521682.138,18.86,0.6
1631521682.24,18.68,0.6
1631521682.342,18.83,0.6
1631521682.444,18.93,0.6
1631521682.546,18.77,0.6
1631521682.648,18.89,0.6
1631521682.75,18.93,0.6
1631521682.852,18.94,0.6
1631521682.954,18.86,0.6
1631521683.056,18.88,0.6
1631521683.158,18.99,0.6
1631521683.26,18.96,0.6
1631521683.362,19.0,0.6
1631521683.464,19.0,0.6
1631521683.566,18.79,0.6
1631521683.668,18.89,0.6
1631521683.77,19.02,0.6
1631521683.871,18.99,0.6
1631521683.972,18.95,0.6
1631521684.074,18.88,0.6
1631521684.176,18.77,0.6
1631521684.278,18.83,0.6
1631521684.38,18.95,0.5
1631521684.483,19.01,0.5
1631521684.585,19.07,0.5
1631521684.687,19.09,0.5
1631521684.789,19.08,0.5
1631521684.891,19.03,0.5
1631521684.993,19.02,0.5
1631521685.095,19.07,0.5
1631521685.197,19.07,0.5
1631521685.299,19.04,0.5
1631521685.401,19.05,0.5
1631521685.503,18.96,0.5
1631521685.605,19.0,0.5
1631521685.707,19.1,0.5
1631521685.809,19.1,0.5
1631521685.911,19.21,0.5
1631521686.012,19.1,0.5
1631521686.114,19.02,0.5
1631521686.216,19.09,0.5
1631521686.318,19.11,0.5
1631521686.42,19.17,0.5
1631521686.522,19.14,0.5
1631521686.624,19.15,0.5
1631521686.726,19.11,0.5
1631521686.828,19.17,0.5
1631521686.93,19.16,0.5
1631521687.032,19.18,0.5
1631521687.134,19.15,0.5
1631521687.236,19.12,0.5
1631521687.338,19.15,0.5
1631521687.44,19.18,0.5
1631521687.542,19.22,0.5
1631521687.644,19.19,0.5
1631521687.746,19.13,0.5
1631521687.848,19.16,0.5
1631521687.95,19.27,0.5
1631521688.052,19.23,0.5
1631521688.154,19.16,0.5
1631521688.256,19.09,0.5
1631521688.358,19.08,0.5
1631521688.46,19.31,0.5
1631521688.562,19.26,0.5
1631521688.664,19.27,0.5
1631521688.765,19.25,0.5
1631521688.866,19.27,0.5
1631521688.968,19.14,0.5
1631521689.07,19.19,0.5
1631521689.172,19.18,0.5
1631521689.274,19.29,0.5
1631521689.376,19.23,0.5
1631521689.477,19.25,0.5
1631521689.579,19.1,0.5
1631521689.68,19.13,0.5
1631521689.783,19.27,0.5
1631521689.885,19.23,0.5
1631521689.987,19.27,0.5
1631521690.089,19.3,0.5
1631521690.191,19.18,0.5
1631521690.293,19.26,0.5
1631521690.395,19.2,0.5
1631521690.497,19.19,0.5
1631521690.599,19.35,0.5
1631521690.701,19.26,0.5
1631521690.803,19.27,0.5
1631521690.905,19.31,0.5
1631521691.006,19.3,0.5
1631521691.108,19.39,0.5
1631521691.21,19.24,0.5
1631521691.312,19.22,0.5
1631521691.414,19.23,0.5
1631521691.516,19.41,0.5
1631521691.618,19.37,0.5
1631521691.72,19.28,0.5
1631521691.822,19.26,0.5
1631521691.924,19.27,0.5
1631521692.026,19.36,0.5
1631521692.128,19.47,0.5
1631521692.23,19.38,0.5
1631521692.332,19.29,0.5
1631521692.434,19.25,0.5
1631521692.536,19.27,0.5
1631521692.638,19.32,0.5
1631521692.74,19.43,0.5
1631521692.842,19.46,0.5
1631521692.944,19.31,0.5
1631521693.046,19.34,0.5
1631521693.148,19.41,0.5
1631521693.25,19.4,0.5
1631521693.352,19.37,0.5
1631521693.454,19.4,0.5
1631521693.556,19.4,0.5
1631521693.658,19.45,0.5
1631521693.76,19.37,0.5
1631521693.862,19.33,0.5
1631521693.964,19.35,0.5
1631521694.066,19.41,0.5
1631521694.167,19.4,0.5
1631521694.268,19.43,0.5
1631521694.37,19.4,0.5
1631521694.472,19.43,0.5
1631521694.574,19.4,0.5
1631521694.675,19.45,0.5
1631521694.776,19.39,0.5
1631521694.878,19.44,0.5
1631521694.979,19.44,0.5
1631521695.081,19.31,0.5
1631521695.183,19.38,0.5
1631521695.285,19.41,0.5
1631521695.387,19.38,0.5
1631521695.489,19.37,0.5
1631521695.591,19.35,0.5
1631521695.693,19.36,0.5
1631521695.795,19.35,0.5
1631521695.897,19.34,0.5
1631521695.999,19.39,0.5
1631521696.1,19.34,0.5
1631521696.202,19.3,0.5
1631521696.304,19.25,0.5
1631521696.406,19.25,0.5
1631521696.508,19.26,0.5
1631521696.61,19.29,0.5
1631521696.712,19.31,0.5
1631521696.814,19.21,0.5
1631521696.916,19.19,0.5
1631521697.018,19.3,0.5
1631521697.12,19.37,0.5
1631521697.222,19.31,0.5
1631521697.324,19.32,0.5
1631521697.426,19.15,0.5
1631521697.528,19.13,0.5
1631521697.63,19.1,0.5
1631521697.732,19.22,0.5
1631521697.834,19.22,0.5
1631521697.936,19.2,0.5
1631521698.038,19.2,0.5
1631521698.14,19.14,0.5
1631521698.242,19.13,0.5
1631521698.344,19.09,0.5
1631521698.446,19.06,0.5
1631521698.548,18.99,0.5
1631521698.65,19.05,0.5
1631521698.752,18.98,0.5
1631521698.854,19.06,0.5
1631521698.956,19.03,0.5
1631521699.058,18.94,0.5
1631521699.16,19.08,0.5
1631521699.262,18.97,0.5
1631521699.364,18.94,0.5
1631521699.466,18.97,0.5
1631521699.568,18.89,0.5
1631521699.67,18.85,0.5
1631521699.772,18.8,0.5
1631521699.874,18.84,0.5
1631521699.976,18.89,0.5
1631521700.078,18.96,0.5
1631521700.18,18.86,0.5
1631521700.282,18.72,0.5
1631521700.384,18.58,0.5
1631521700.486,18.61,0.5
1631521700.588,18.68,0.5
1631521700.689,18.72,0.5
1631521700.791,18.76,0.5
1631521700.892,18.66,0.5
1631521700.995,18.52,0.5
1631521701.096,18.45,0.5
1631521701.198,18.45,0.5
1631521701.3,18.44,0.5
1631521701.402,18.43,0.5
1631521701.504,18.45,0.5
1631521701.606,18.37,0.5
1631521701.708,18.35,0.5
1631521701.81,18.3,0.5
1631521701.912,18.23,0.5
1631521702.014,18.24,0.5
1631521702.116,18.16,0.5
1631521702.218,18.14,0.5
1631521702.32,18.13,0.5
1631521702.422,18.09,0.5
1631521702.524,18.07,0.5
1631521702.626,18.01,0.5
1631521702.728,17.97,0.5
1631521702.83,18.03,0.5
1631521702.932,17.96,0.5
1631521703.034,17.9,0.5
1631521703.136,17.94,0.5
1631521703.238,17.82,0.5
1631521703.34,17.83,0.5
1631521703.442,17.97,0.5
1631521703.544,17.9,0.5
1631521703.646,17.77,0.5
1631521703.748,17.76,0.5
1631521703.85,17.71,0.5
1631521703.952,17.69,0.5
1631521704.054,17.78,0.5
1631521704.156,17.76,0.5
1631521704.258,17.63,0.5
1631521704.36,17.75,0.5
1631521704.462,17.67,0.5
1631521704.564,17.7,0.5
1631521704.666,17.76,0.5
1631521704.768,17.7,0.5
1631521704.87,17.66,0.5
1631521704.972,17.69,0.5
1631521705.074,17.76,0.5
1631521705.176,17.62,0.5
1631521705.277,17.42,0.5
1631521705.378,17.54,0.5
1631521705.48,17.51,0.5
1631521705.583,17.35,0.5
1631521705.684,17.51,0.5
1631521705.786,17.98,0.5
1631521705.888,17.87,0.5
1631521705.989,17.84,0.5
1631521706.088,17.75,0.5
1631521706.19,17.52,0.5
1631521706.293,17.6,0.5
1631521706.395,17.51,0.5
1631521706.497,17.7,0.5
1631521706.599,17.66,0.5
1631521706.701,17.68,0.5
1631521706.803,17.68,0.5
1631521706.905,17.65,0.5
1631521707.007,17.51,0.5
1631521707.109,17.57,0.5
1631521707.211,17.63,0.5
1631521707.313,17.61,0.5
1631521707.415,17.58,0.5
1631521707.517,17.73,0.5
1631521707.619,17.49,0.5
1631521707.721,17.53,0.5
1631521707.823,17.52,0.5
1631521707.925,17.43,0.5
1631521708.027,17.62,0.5
1631521708.129,17.68,0.5
1631521708.231,17.59,0.5
1631521708.333,17.72,0.5
1631521708.435,17.55,0.5
1631521708.537,17.49,0.5
1631521708.639,17.61,0.5
1631521708.741,17.6,0.5
1631521708.843,17.71,0.5
1631521708.945,17.74,0.5
1631521709.047,17.9,0.5
1631521709.149,17.8,0.5
1631521709.251,17.66,0.5
1631521709.353,17.73,0.5
1631521709.455,17.81,0.5
1631521709.557,17.76,0.5
1631521709.659,17.76,0.5
1631521709.761,17.64,0.5
1631521709.863,17.61,0.5
1631521709.965,17.6,0.5
1631521710.067,17.48,0.5
1631521710.169,17.43,0.5
1631521710.271,17.35,0.5
1631521710.372,17.32,0.5
1631521710.473,17.22,0.5
1631521710.575,16.94,0.5
1631521710.677,17.08,0.5
1631521710.779,16.94,0.5
1631521710.881,16.94,0.5
1631521710.982,16.81,0.5
1631521711.081,16.7,0.5
1631521711.182,16.28,0.5
1631521711.284,16.13,0.5
1631521711.386,15.94,0.5
1631521711.488,15.7,0.5
1631521711.59,15.53,0.5
1631521711.692,15.48,0.5
1631521711.794,15.47,0.6
1631521711.896,15.44,0.6
1631521711.998,15.19,0.6
1631521712.1,15.12,0.6
1631521712.202,15.04,0.6
1631521712.304,14.85,0.6
1631521712.406,14.71,0.6
1631521712.508,14.64,0.6
1631521712.61,14.55,0.6
1631521712.712,14.43,0.6
1631521712.814,14.36,0.6
1631521712.916,14.22,0.6
1631521713.018,14.03,0.6
1631521713.12,13.91,0.6
1631521713.222,13.91,0.6
1631521713.324,13.77,0.6
1631521713.426,13.75,0.6
1631521713.528,13.57,0.6
1631521713.63,13.49,0.6
1631521713.732,13.37,0.6
1631521713.834,13.2,0.6
1631521713.936,12.88,0.6
1631521714.038,12.55,0.6
1631521714.14,12.22,0.6
1631521714.242,12.04,0.6
1631521714.344,11.91,0.6
1631521714.446,11.71,0.6
1631521714.548,11.54,0.6
1631521714.65,11.36,0.6
1631521714.752,11.2,0.6
1631521714.854,11.0,0.6
1631521714.956,10.87,0.6
1631521715.058,10.81,0.6
1631521715.16,10.99,0.6
1631521715.262,11.02,0.6
1631521715.364,11.08,0.6
1631521715.466,11.07,0.6
1631521715.568,10.85,0.6
1631521715.67,10.71,0.6
1631521715.771,10.54,0.6
1631521715.872,10.41,0.6
1631521715.974,10.5,0.6
1631521716.074,10.36,0.6
1631521716.175,10.33,0.6
1631521716.277,10.43,0.6
1631521716.379,10.39,0.6
1631521716.481,10.41,0.6
1631521716.583,10.25,0.6
1631521716.685,10.16,0.6
1631521716.787,10.04,0.6
1631521716.889,10.14,0.6
1631521716.991,10.12,0.6
1631521717.093,9.98,0.6
1631521717.195,9.94,0.6
1631521717.297,9.93,0.6
1631521717.399,9.93,0.6
1631521717.501,10.0,0.6
1631521717.603,10.0,0.6
1631521717.705,9.81,0.6
1631521717.807,9.78,0.6
1631521717.909,9.63,0.6
1631521718.011,9.71,0.6
1631521718.113,9.46,0.6
1631521718.215,9.8,0.6
1631521718.317,9.61,0.6
1631521718.419,9.71,0.6
1631521718.521,9.85,0.6
1631521718.623,9.99,0.6
1631521718.725,9.91,0.6
1631521718.827,9.85,0.6
1631521718.929,9.66,0.6
1631521719.031,10.04,0.6
1631521719.133,9.95,0.6
1631521719.235,9.74,0.6
1631521719.337,9.93,0.6
1631521719.439,9.89,0.6
1631521719.541,9.86,0.6
1631521719.643,9.97,0.6
1631521719.745,9.76,0.6
1631521719.847,9.82,0.6
1631521719.949,9.95,0.6
1631521720.051,9.85,0.6
1631521720.153,9.87,0.6
1631521720.255,9.83,0.6
1631521720.357,9.7,0.6
1631521720.459,9.78,0.6
1631521720.561,9.69,0.6
1631521720.663,9.84,0.6
1631521720.765,9.75,0.6
1631521720.867,9.68,0.6
1631521720.969,9.74,0.6
1631521721.07,9.79,0.6
1631521721.171,9.71,0.6
1631521721.272,9.82,0.6
1631521721.373,9.76,0.6
1631521721.474,9.8,0.6
1631521721.577,9.73,0.6
1631521721.679,9.8,0.6
1631521721.781,9.78,0.6
1631521721.883,9.79,0.6
1631521721.985,9.86,0.6
1631521722.087,9.89,0.6
1631521722.189,9.9,0.6
1631521722.291,9.93,0.5
1631521722.393,9.92,0.5
1631521722.495,9.96,0.5
1631521722.597,9.95,0.5
1631521722.699,10.03,0.5
1631521722.801,10.07,0.5
1631521722.903,9.92,0.5
1631521723.005,10.07,0.5
1631521723.107,9.99,0.5
1631521723.209,10.17,0.5
1631521723.311,10.18,0.5
1631521723.413,10.05,0.5
1631521723.515,10.13,0.5
1631521723.617,10.15,0.5
1631521723.719,10.08,0.5
1631521723.821,10.0,0.5
1631521723.923,10.1,0.5
1631521724.025,9.94,0.5
1631521724.127,9.89,0.5
1631521724.229,9.81,0.5
1631521724.331,9.77,0.5
1631521724.433,9.62,0.5
1631521724.535,9.54,0.5
1631521724.637,9.51,0.5
1631521724.739,9.46,0.5
1631521724.841,9.58,0.5
1631521724.943,9.75,0.5
1631521725.045,9.76,0.6
1631521725.147,10.09,0.6
1631521725.249,10.18,0.5
1631521725.351,9.82,0.5
1631521725.453,9.69,0.5
1631521725.555,9.44,0.5
1631521725.657,9.32,0.5
1631521725.758,9.18,0.5
1631521725.859,8.96,0.5
1631521725.961,8.78,0.5
1631521726.063,8.61,0.5
1631521726.164,8.53,0.5
1631521726.266,8.36,0.5
1631521726.367,8.25,0.5
1631521726.468,8.04,0.5
1631521726.569,8.07,0.5
1631521726.671,7.87,0.5
1631521726.773,7.67,0.5
1631521726.875,7.55,0.5
1631521726.977,7.47,0.5
1631521727.079,7.49,0.5
1631521727.181,7.41,0.5
1631521727.283,7.32,0.5
1631521727.385,7.09,0.5
1631521727.487,6.94,0.5
1631521727.589,6.82,0.5
1631521727.691,6.77,0.5
1631521727.793,6.65,0.5
1631521727.895,6.49,0.5
1631521727.997,6.44,0.5
1631521728.099,6.34,0.5
1631521728.201,6.17,0.5
1631521728.303,6.11,0.5
1631521728.405,5.89,0.5
1631521728.507,5.72,0.5
1631521728.609,5.58,0.5
1631521728.711,5.41,0.5
1631521728.813,5.25,0.5
1631521728.915,5.09,0.5
1631521729.017,4.96,0.5
1631521729.119,4.85,0.5
1631521729.221,4.63,0.5
1631521729.323,4.35,0.5
1631521729.425,4.19,0.5
1631521729.527,4.04,0.5
1631521729.629,3.87,0.5
1631521729.731,3.78,0.5
1631521729.833,3.69,0.5
1631521729.935,3.61,0.5
1631521730.037,3.49,0.5
1631521730.139,3.47,0.5
1631521730.241,3.36,0.5
1631521730.343,3.26,0.5
1631521730.445,3.23,0.5
1631521730.547,3.11,0.5
1631521730.649,3.03,0.5
1631521730.751,2.91,0.5
1631521730.852,2.86,0.5
1631521730.953,2.68,0.5
1631521731.054,2.54,0.5
1631521731.156,2.49,0.5
1631521731.258,2.35,0.5
1631521731.36,2.24,0.5
1631521731.462,2.1,0.5
1631521731.565,1.98,0.5
1631521731.666,1.79,0.5
1631521731.768,1.57,0.5
1631521731.871,1.42,0.5
1631521731.973,1.35,0.5
1631521732.075,1.19,0.5
1631521732.177,1.05,0.5
1631521732.279,1.01,0.5
1631521732.381,0.84,0.5
1631521732.483,0.79,0.5
1631521732.585,0.59,0.5
1631521732.687,0.48,0.5
1631521732.789,0.35,0.5
1631521732.891,0.3,0.5
1631521732.993,0.25,0.5
1631521733.095,0.2,0.5
1631521733.197,0.17,0.5
1631521733.299,0.18,0.5
1631521733.401,0.14,0.5
1631521733.503,0.12,0.5
1631521733.605,0.07,0.5
1631521733.707,0.05,0.5
1631521733.809,0.02,0.5
1631521733.911,0.06,0.5
1631521734.013,0.0,0.5
1631521734.115,0.03,0.5
1631521734.217,0.01,0.5
1631521734.319,0.04,0.5
1631521734.421,0.04,0.5
1631521734.523,0.02,0.5
1631521734.625,0.03,0.5
1631521734.727,0.01,0.5
1631521734.829,0.0,0.5
1631521734.931,0.01,0.5
1631521735.033,0.02,0.5
1631521735.135,0.05,0.5
1631521735.237,0.02,0.5
1631521735.339,0.02,0.5
1631521735.441,0.01,0.5
1631521735.543,0.04,0.5
1631521735.645,0.01,0.5
1631521735.747,0.04,0.5
1631521735.849,0.02,0.5
1631521735.951,0.05,0.5
1631521736.051,0.05,0.5
1631521736.152,0.04,0.5
1631521736.254,0.02,0.5
1631521736.356,0.06,0.5
1631521736.458,0.04,0.5
1631521736.559,0.03,0.5
1631521736.66,0.03,0.5
1631521736.761,0.03,0.5
1631521736.862,0.03,0.5
1631521736.963,0.02,0.5
1631521737.065,0.04,0.5
1631521737.167,0.05,0.5
1631521737.269,0.0,0.5
1631521737.371,0.06,0.5
1631521737.473,0.01,0.5
1631521737.575,0.02,0.5
1631521737.677,0.02,0.5
1631521737.779,0.01,0.5
1631521737.881,0.02,0.5
1631521737.983,0.02,0.5
1631521738.085,0.01,0.5
1631521738.187,0.02,0.5
1631521738.289,0.03,0.5
1631521738.391,0.02,0.5
1631521738.493,0.01,0.5
1631521738.595,0.01,0.5
1631521738.697,0.03,0.5
1631521738.799,0.01,0.5
1631521738.901,0.0,0.5
1631521739.003,0.02,0.5
1631521739.105,0.03,0.5
1631521739.207,0.03,0.5
1631521739.309,0.01,0.5
1631521739.411,0.03,0.5
1631521739.513,0.02,0.5
1631521739.615,0.05,0.5
1631521739.717,0.02,0.5
1631521739.819,0.02,0.5
1631521739.921,0.02,0.5
1631521740.023,0.02,0.5
1631521740.125,0.02,0.5
1631521740.227,0.01,0.5
1631521740.329,0.07,0.5
1631521740.431,0.01,0.5
1631521740.533,0.04,0.5
1631521740.635,0.02,0.5
1631521740.737,0.02,0.5
1631521740.839,0.02,0.5
1631521740.941,0.03,0.5
1631521741.042,0.03,0.5
1631521741.144,0.03,0.5
1631521741.246,0.01,0.5
1631521741.348,0.05,0.5
1631521741.45,0.02,0.5
1631521741.552,0.03,0.5
1631521741.654,0.04,0.5
1631521741.756,0.02,0.5
1631521741.858,0.04,0.5
1631521741.96,0.02,0.5
1631521742.062,0.02,0.5
1631521742.164,0.05,0.5
1631521742.265,0.01,0.5
1631521742.366,0.01,0.5
1631521742.468,0.03,0.5
1631521742.569,0.01,0.6
1631521742.671,0.02,0.6
1631521742.773,0.02,0.6
1631521742.875,0.03,0.6
1631521742.977,0.03,0.6
1631521743.079,0.02,0.6
1631521743.181,0.02,0.6
1631521743.283,0.02,0.6
1631521743.385,0.03,0.6
1631521743.487,0.05,0.6
1631521743.589,0.0,0.6
1631521743.691,0.05,0.6
1631521743.793,0.04,0.6
1631521743.895,0.02,0.6
1631521743.997,0.0,0.6
1631521744.099,0.07,0.6
1631521744.201,0.04,0.6
1631521744.303,0.02,0.6
1631521744.405,0.04,0.6
1631521744.507,0.01,0.6
1631521744.609,0.02,0.6
1631521744.711,0.06,0.6
1631521744.813,0.07,0.6
1631521744.915,0.05,0.6
1631521745.017,0.04,0.6
1631521745.119,0.03,0.6
1631521745.221,0.01,0.6
1631521745.323,0.03,0.6
1631521745.425,0.03,0.6
1631521745.527,0.03,0.6
1631521745.629,0.04,0.6
1631521745.731,0.02,0.6
1631521745.833,0.02,0.6
1631521745.935,0.01,0.6
1631521746.036,0.03,0.6
1631521746.138,0.02,0.6
1631521746.24,0.02,0.6
1631521746.342,0.02,0.6
1631521746.444,0.04,0.6
1631521746.546,0.03,0.6
1631521746.648,0.05,0.6
1631521746.75,0.03,0.6
1631521746.851,0.05,0.6
1631521746.952,0.02,0.6
1631521747.054,0.03,0.6
1631521747.157,0.03,0.6
1631521747.259,0.03,0.6
1631521747.36,0.03,0.6
1631521747.461,0.02,0.6
1631521747.563,0.03,0.6
1631521747.665,0.01,0.6
1631521747.767,0.01,0.6
1631521747.869,0.03,0.6
1631521747.971,0.01,0.6
1631521748.073,0.03,0.6
1631521748.175,0.03,0.6
1631521748.277,0.02,0.6
1631521748.379,0.04,0.6
1631521748.481,0.02,0.6
1631521748.583,0.03,0.6
1631521748.685,0.04,0.6
1631521748.787,0.03,0.6
1631521748.889,0.01,0.6
1631521748.991,0.01,0.6
1631521749.093,0.01,0.6
1631521749.195,0.01,0.6
1631521749.297,0.05,0.6
1631521749.399,0.03,0.6
1631521749.501,0.02,0.6
1631521749.603,0.01,0.6
1631521749.705,0.01,0.6
1631521749.807,0.05,0.6
1631521749.909,0.07,0.6
1631521750.011,0.07,0.6
1631521750.113,0.03,0.6
1631521750.215,0.03,0.6
1631521750.317,0.04,0.6
1631521750.419,0.03,0.6
1631521750.521,0.03,0.6
1631521750.623,0.04,0.6
1631521750.725,0.03,0.6
1631521750.827,0.02,0.6
1631521750.929,0.04,0.6
1631521751.03,0.04,0.6
1631521751.132,0.03,0.6
1631521751.234,0.03,0.6
1631521751.336,0.04,0.6
1631521751.438,0.04,0.6
1631521751.54,0.03,0.6
1631521751.642,0.0,0.6
1631521751.743,0.01,0.6
1631521751.844,0.01,0.6
1631521751.946,0.01,0.6
1631521752.049,0.04,0.6
1631521752.15,0.03,0.6
1631521752.252,0.01,0.6
1631521752.354,0.04,0.6
1631521752.456,0.03,0.6
1631521752.558,0.02,0.6
1631521752.66,0.03,0.6
1631521752.763,0.02,0.6
1631521752.865,0.04,0.6
1631521752.967,0.03,0.6
1631521753.069,0.02,0.6
1631521753.171,0.05,0.6
1631521753.273,0.02,0.6
1631521753.375,0.01,0.6
1631521753.477,0.01,0.6
1631521753.579,0.06,0.6
1631521753.681,0.04,0.6
1631521753.783,0.07,0.6
1631521753.885,0.05,0.6
1631521753.987,0.09,0.6
1631521754.089,0.21,0.6
1631521754.191,0.29,0.6
1631521754.293,0.44,0.6
1631521754.395,0.62,0.6
1631521754.497,0.81,0.6
1631521754.599,0.93,0.6
1631521754.701,1.13,0.6
1631521754.803,1.32,0.6
1631521754.905,1.57,0.6
1631521755.007,1.78,0.6
1631521755.109,2.05,0.6
1631521755.211,2.25,0.6
1631521755.313,2.49,0.6
1631521755.415,2.64,0.6
1631521755.517,2.84,0.6
1631521755.619,3.1,0.6
1631521755.721,3.33,0.6
1631521755.823,3.57,0.6
1631521755.925,3.66,0.6
1631521756.026,3.9,0.6
1631521756.128,4.08,0.6
1631521756.23,4.34,0.6
1631521756.332,4.47,0.6
1631521756.434,4.57,0.6
1631521756.536,4.87,0.6
1631521756.638,5.18,0.6
1631521756.74,5.26,0.6
1631521756.842,5.49,0.6
1631521756.944,5.73,0.6
1631521757.046,6.07,0.6
1631521757.147,6.17,0.6
1631521757.248,6.34,0.6
1631521757.35,6.43,0.6
1631521757.452,6.47,0.6
1631521757.554,6.55,0.6
1631521757.656,6.45,0.6
1631521757.758,6.46,0.6
1631521757.86,6.57,0.6
1631521757.961,6.49,0.6
1631521758.062,6.46,0.6
1631521758.165,6.55,0.6
1631521758.267,6.42,0.6
1631521758.369,6.4,0.6
1631521758.471,6.32,0.6
1631521758.573,6.33,0.6
1631521758.675,6.34,0.6
1631521758.777,6.34,0.6
1631521758.879,6.41,0.5
1631521758.981,6.56,0.5
1631521759.083,6.92,0.5
1631521759.185,7.29,0.5
1631521759.287,7.44,0.5
1631521759.389,7.57,0.5
1631521759.491,7.82,0.5
1631521759.593,7.97,0.5
1631521759.695,8.19,0.5
1631521759.797,8.47,0.5
1631521759.899,8.65,0.5
1631521760.001,8.94,0.5
1631521760.103,9.21,0.5
1631521760.205,9.4,0.5
1631521760.307,9.68,0.5
1631521760.409,9.82,0.5
1631521760.511,9.92,0.5
1631521760.613,10.0,0.5
1631521760.715,9.98,0.5
1631521760.817,9.87,0.5
1631521760.919,9.87,0.5
1631521761.02,9.83,0.5
1631521761.122,9.82,0.5
1631521761.224,9.79,0.5
1631521761.326,9.86,0.5
1631521761.428,9.84,0.5
1631521761.53,9.93,0.5
1631521761.632,10.01,0.5
1631521761.734,10.09,0.5
1631521761.836,10.21,0.5
1631521761.938,10.34,0.5
1631521762.04,10.49,0.5
1631521762.142,10.65,0.5
1631521762.244,10.81,0.5
1631521762.346,11.0,0.5
1631521762.448,11.24,0.5
1631521762.55,11.38,0.5
1631521762.652,11.57,0.5
1631521762.754,11.79,0.5
1631521762.856,11.94,0.5
1631521762.958,12.15,0.5
1631521763.061,12.41,0.5
1631521763.163,12.64,0.5
1631521763.264,12.87,0.5
1631521763.367,13.1,0.5
1631521763.469,13.34,0.5
1631521763.571,13.53,0.5
1631521763.673,13.75,0.5
1631521763.775,14.0,0.5
1631521763.877,14.21,0.5
1631521763.979,14.4,0.5
1631521764.081,14.82,0.5
1631521764.183,15.03,0.5
1631521764.285,15.1,0.5
1631521764.387,15.1,0.5
1631521764.489,15.13,0.5
1631521764.591,15.14,0.5
1631521764.693,15.08,0.5
1631521764.795,15.06,0.5
1631521764.897,15.09,0.5
1631521764.999,15.06,0.5
1631521765.101,15.07,0.5
1631521765.203,15.03,0.5
1631521765.305,15.11,0.5
1631521765.407,15.06,0.5
1631521765.509,15.16,0.5
1631521765.611,15.24,0.5
1631521765.713,15.3,0.5
1631521765.815,15.42,0.5
1631521765.917,15.54,0.5
1631521766.018,15.62,0.5
1631521766.12,15.75,0.5
1631521766.222,15.84,0.5
1631521766.324,16.03,0.5
1631521766.426,16.12,0.5
1631521766.528,16.17,0.5
1631521766.63,16.35,0.5
1631521766.732,16.51,0.5
1631521766.834,16.61,0.5
1631521766.936,16.8,0.5
1631521767.038,16.98,0.5
1631521767.14,17.04,0.5
1631521767.242,17.16,0.5
1631521767.344,17.28,0.5
1631521767.446,17.43,0.5
1631521767.548,17.55,0.5
1631521767.65,17.7,0.5
1631521767.752,17.73,0.5
1631521767.854,17.75,0.5
1631521767.956,17.76,0.5
1631521768.058,17.8,0.5
1631521768.161,17.81,0.5
1631521768.262,17.82,0.5
1631521768.363,17.85,0.5
1631521768.465,17.85,0.5
1631521768.567,17.9,0.5
1631521768.669,17.87,0.5
1631521768.771,17.93,0.5
1631521768.873,17.98,0.5
1631521768.975,18.0,0.5
1631521769.077,18.1,0.5
1631521769.179,18.09,0.5
1631521769.281,18.13,0.5
1631521769.383,18.16,0.5
1631521769.485,18.18,0.5
1631521769.587,18.24,0.5
1631521769.689,18.23,0.5
1631521769.791,18.26,0.5
1631521769.893,18.24,0.5
1631521769.995,18.32,0.5
1631521770.097,18.28,0.5
1631521770.199,18.38,0.5
1631521770.301,18.41,0.5
1631521770.403,18.3,0.5
1631521770.505,18.43,0.5
1631521770.607,18.43,0.5
1631521770.709,18.4,0.5
1631521770.811,18.35,0.5
1631521770.913,18.41,0.5
1631521771.014,18.35,0.5
1631521771.116,18.37,0.5
1631521771.218,18.34,0.5
1631521771.32,18.35,0.5
1631521771.422,18.32,0.5
1631521771.524,18.42,0.5
1631521771.626,18.41,0.5
1631521771.728,18.37,0.5
1631521771.83,18.46,0.5
1631521771.932,18.47,0.5
1631521772.034,18.41,0.5
1631521772.136,18.48,0.6
1631521772.238,18.51,0.6
1631521772.34,18.54,0.6
1631521772.442,18.59,0.6
1631521772.544,18.54,0.6
1631521772.646,18.53,0.6
1631521772.748,18.49,0.6
1631521772.849,18.51,0.6
1631521772.951,18.44,0.6
1631521773.053,18.51,0.6
1631521773.155,18.67,0.6
1631521773.257,18.67,0.6
1631521773.359,18.62,0.6
1631521773.461,18.61,0.6
1631521773.563,18.65,0.6
1631521773.665,18.61,0.6
1631521773.767,18.7,0.6
1631521773.869,18.75,0.6
1631521773.971,18.73,0.6
1631521774.073,18.74,0.6
1631521774.175,18.71,0.6
1631521774.277,18.69,0.6
1631521774.379,18.7,0.6
1631521774.481,18.77,0.6
1631521774.583,18.77,0.6
1631521774.685,18.76,0.6
1631521774.787,18.67,0.6
1631521774.889,18.66,0.6
1631521774.991,18.83,0.6
1631521775.093,18.86,0.6
1631521775.195,18.76,0.6
1631521775.297,18.77,0.6
1631521775.399,18.71,0.6
1631521775.501,18.76,0.6
1631521775.603,18.76,0.6
1631521775.705,18.72,0.6
1631521775.807,18.77,0.6
1631521775.909,18.7,0.6
1631521776.01,18.69,0.6
1631521776.112,18.74,0.6
1631521776.214,18.63,0.6
1631521776.316,18.66,0.6
1631521776.418,18.69,0.6
1631521776.52,18.66,0.6
1631521776.622,18.61,0.6
1631521776.724,18.69,0.6
1631521776.826,18.71,0.6
1631521776.928,18.67,0.6
1631521777.03,18.66,0.6
1631521777.132,18.65,0.6
1631521777.234,18.66,0.6
1631521777.336,18.72,0.6
1631521777.438,18.75,0.6
1631521777.54,18.61,0.6
1631521777.642,18.76,0.6
1631521777.744,18.6,0.6
1631521777.845,18.61,0.6
1631521777.946,18.65,0.6
1631521778.049,18.62,0.6
1631521778.151,18.66,0.6
1631521778.253,18.59,0.6
1631521778.355,18.61,0.6
1631521778.457,18.63,0.6
1631521778.559,18.72,0.6
1631521778.661,18.66,0.6
1631521778.763,18.63,0.6
1631521778.865,18.63,0.6
1631521778.967,18.68,0.6
1631521779.069,18.66,0.6
1631521779.171,18.73,0.6
1631521779.273,18.7,0.6
1631521779.375,18.74,0.6
1631521779.477,18.76,0.6
1631521779.579,18.76,0.6
1631521779.681,18.82,0.6
1631521779.783,18.77,0.6
1631521779.885,18.82,0.6
1631521779.987,18.74,0.6
1631521780.089,18.86,0.6
1631521780.191,18.8,0.6
1631521780.293,18.84,0.6
1631521780.395,18.82,0.6
1631521780.497,18.83,0.6
1631521780.599,18.84,0.6
1631521780.701,18.8,0.6
1631521780.803,18.82,0.6
1631521780.905,18.91,0.6
1631521781.006,18.83,0.6
1631521781.108,18.82,0.6
1631521781.21,18.95,0.6
1631521781.312,18.84,0.6
1631521781.414,18.93,0.6
1631521781.516,18.8,0.6
1631521781.618,18.92,0.6
1631521781.72,18.89,0.6
1631521781.822,18.84,0.6
1631521781.924,18.9,0.6
1631521782.026,18.83,0.6
1631521782.128,18.88,0.6
1631521782.23,18.89,0.6
1631521782.332,18.78,0.6
1631521782.434,18.8,0.6
1631521782.536,18.8,0.6
1631521782.638,18.77,0.6
1631521782.74,18.85,0.6
1631521782.842,18.82,0.6
1631521782.945,18.82,0.6
1631521783.046,18.79,0.6
1631521783.147,18.81,0.6
1631521783.249,18.78,0.6
1631521783.351,18.81,0.6
1631521783.453,18.77,0.6
1631521783.555,18.74,0.6
1631521783.657,18.79,0.6
1631521783.759,18.74,0.6
1631521783.861,18.75,0.6
1631521783.963,18.76,0.6
1631521784.065,18.81,0.6
1631521784.167,18.74,0.6
1631521784.269,18.79,0.6
1631521784.371,18.78,0.6
1631521784.473,18.75,0.6
1631521784.575,18.81,0.6
1631521784.677,18.77,0.6
1631521784.779,18.77,0.6
1631521784.881,18.82,0.6
1631521784.983,18.84,0.6
1631521785.085,18.76,0.6
1631521785.187,18.78,0.6
1631521785.289,18.83,0.6
1631521785.391,18.83,0.6
1631521785.493,18.88,0.6
1631521785.595,18.88,0.6
1631521785.697,18.92,0.6
1631521785.799,19.0,0.6
1631521785.901,18.98,0.6
1631521786.002,18.96,0.6
1631521786.104,18.97,0.6
1631521786.206,19.03,0.6
1631521786.308,19.03,0.6
1631521786.41,18.99,0.6
1631521786.512,18.92,0.6
1631521786.614,19.01,0.6
1631521786.716,18.99,0.6
1631521786.818,19.04,0.6
1631521786.92,19.07,0.6
1631521787.022,19.01,0.6
1631521787.124,19.0,0.6
1631521787.227,19.04,0.6
1631521787.328,19.04,0.6
1631521787.43,19.1,0.6
1631521787.532,19.1,0.6
1631521787.634,19.05,0.6
1631521787.736,19.07,0.6
1631521787.838,19.07,0.6
1631521787.941,19.07,0.6
1631521788.042,19.06,0.6
1631521788.144,19.12,0.6
1631521788.247,19.09,0.6
1631521788.349,19.09,0.6
1631521788.451,19.13,0.6
1631521788.553,19.02,0.6
1631521788.655,19.12,0.6
1631521788.757,19.05,0.6
1631521788.859,18.97,0.6
1631521788.961,19.02,0.6
1631521789.063,19.11,0.6
1631521789.165,19.23,0.6
1631521789.267,19.28,0.6
1631521789.369,19.2,0.6
1631521789.471,19.12,0.6
1631521789.573,19.17,0.6
1631521789.675,19.13,0.6
1631521789.777,19.16,0.6
1631521789.879,19.11,0.6
1631521789.981,19.14,0.6
1631521790.083,19.13,0.6
1631521790.185,19.16,0.6
1631521790.287,19.15,0.6
1631521790.389,19.17,0.6
1631521790.491,19.1,0.6
1631521790.593,19.23,0.6
1631521790.695,19.15,0.6
1631521790.797,19.18,0.6
1631521790.899,19.14,0.6
1631521791.0,19.2,0.6
1631521791.102,19.13,0.6
1631521791.204,19.08,0.6
1631521791.306,19.09,0.6
1631521791.408,19.11,0.6
1631521791.51,19.08,0.6
1631521791.612,19.12,0.6
1631521791.714,19.1,0.6
1631521791.816,19.08,0.6
1631521791.918,19.11,0.6
1631521792.02,19.04,0.6
1631521792.122,19.08,0.6
1631521792.224,19.11,0.6
1631521792.326,19.1,0.6
1631521792.428,19.08,0.6
1631521792.53,19.07,0.6
1631521792.631,19.05,0.6
1631521792.732,18.98,0.6
1631521792.834,18.97,0.6
1631521792.935,19.1,0.6
1631521793.036,19.01,0.6
1631521793.138,19.02,0.6
1631521793.241,18.99,0.6
1631521793.343,18.93,0.6
1631521793.445,19.02,0.6
1631521793.547,18.94,0.6
1631521793.649,18.88,0.6
1631521793.751,18.97,0.6
1631521793.853,18.95,0.6
1631521793.955,19.01,0.6
1631521794.057,18.99,0.6
1631521794.159,18.92,0.6
1631521794.261,18.87,0.6
1631521794.363,18.67,0.6
1631521794.465,18.64,0.7
1631521794.567,18.49,0.7
1631521794.669,18.32,0.7
1631521794.771,18.42,0.7
1631521794.873,18.16,0.8
1631521794.975,18.06,0.8
1631521795.077,17.99,0.8
1631521795.179,18.14,0.8
1631521795.281,18.28,0.8
1631521795.383,18.52,0.9
1631521795.485,18.57,0.9
1631521795.587,18.93,0.9
1631521795.689,19.08,0.9
1631521795.791,19.04,1.0
1631521795.893,19.11,1.0
1631521795.995,19.11,1.0
1631521796.096,19.06,1.0
1631521796.198,19.01,1.0
1631521796.3,18.75,1.1
1631521796.402,18.71,1.1
1631521796.504,18.62,1.1
1631521796.606,18.62,1.1
1631521796.708,18.47,1.1
1631521796.81,18.34,1.1
1631521796.912,18.8,1.1
1631521797.014,18.86,1.1
1631521797.116,18.84,1.1
1631521797.217,18.68,1.1
1631521797.318,18.53,1.1
1631521797.42,18.4,1.1
1631521797.523,18.36,1.1
1631521797.624,18.3,1.1
1631521797.726,18.26,1.1
1631521797.828,18.27,1.1
1631521797.931,18.29,1.1
1631521798.032,18.26,1.1
1631521798.133,18.3,1.1
1631521798.235,18.32,1.1
1631521798.337,18.33,1.1
1631521798.439,18.29,1.1
1631521798.541,18.3,1.1
1631521798.643,18.31,1.1
1631521798.745,18.32,1.0
1631521798.847,18.3,1.0
1631521798.949,18.22,1.0
1631521799.051,18.21,1.0
1631521799.153,18.15,1.0
1631521799.255,18.09,1.0
1631521799.357,18.15,1.0
1631521799.459,18.18,1.0
1631521799.561,18.07,1.0
1631521799.663,18.09,1.0
1631521799.765,18.12,1.0
1631521799.867,18.04,1.0
1631521799.969,18.05,1.0
1631521800.071,18.09,1.0
1631521800.173,18.11,1.0
1631521800.275,18.1,1.0
1631521800.377,18.11,1.0
1631521800.479,18.12,1.0
1631521800.581,18.04,1.0
1631521800.683,18.04,1.0
1631521800.785,18.09,1.0
1631521800.887,18.08,1.0
1631521800.989,17.99,1.0
1631521801.09,18.1,1.0
1631521801.192,18.06,1.0
1631521801.294,18.19,1.0
1631521801.396,18.16,0.9
1631521801.498,18.08,0.9
1631521801.6,18.13,0.9
1631521801.702,18.12,0.9
1631521801.804,18.18,0.9
1631521801.906,18.16,0.9
1631521802.008,18.29,0.9
1631521802.11,18.25,0.9
1631521802.212,18.29,0.9
1631521802.313,18.29,0.9
1631521802.414,18.32,0.9
1631521802.516,18.37,0.9
1631521802.618,18.31,0.9
1631521802.72,18.33,0.9
1631521802.821,18.27,0.9
1631521802.922,18.29,0.9
1631521803.023,18.33,0.9
1631521803.125,18.48,0.9
1631521803.227,18.48,0.9
1631521803.329,18.49,0.9
1631521803.431,18.52,0.9
1631521803.533,18.5,0.9
1631521803.635,18.59,0.9
1631521803.737,18.55,0.9
1631521803.839,18.62,0.9
1631521803.941,18.63,0.9
1631521804.043,18.64,0.9
1631521804.145,18.61,0.9
1631521804.247,18.64,0.9
1631521804.349,18.69,0.9
1631521804.451,18.69,0.9
1631521804.553,18.7,0.9
1631521804.655,18.81,0.9
1631521804.757,18.77,0.9
1631521804.859,18.87,0.9
1631521804.961,18.78,0.9
1631521805.063,18.87,0.9
1631521805.165,18.9,0.9
1631521805.267,18.81,0.9
1631521805.369,18.9,0.9
1631521805.47,18.88,0.9
1631521805.571,18.95,0.9
1631521805.673,18.93,0.9
1631521805.775,18.97,0.9
1631521805.877,19.01,0.8
1631521805.979,19.01,0.8
1631521806.08,18.97,0.8
1631521806.182,19.02,0.8
1631521806.284,18.92,0.8
1631521806.386,19.02,0.8
1631521806.488,18.99,0.8
1631521806.59,18.96,0.8
1631521806.692,18.98,0.8
1631521806.794,19.04,0.8
1631521806.896,19.02,0.8
1631521806.998,18.98,0.8
1631521807.099,19.05,0.8
1631521807.2,18.98,0.8
1631521807.302,19.02,0.8
1631521807.404,19.01,0.8
1631521807.506,18.95,0.8
1631521807.608,18.95,0.8
1631521807.711,18.98,0.8
1631521807.812,18.96,0.8
1631521807.914,18.93,0.8
1631521808.017,18.98,0.8
1631521808.119,18.94,0.8
1631521808.221,18.86,0.8
1631521808.323,18.95,0.8
1631521808.425,18.89,0.8
1631521808.527,18.87,0.8
1631521808.629,18.86,0.8
1631521808.731,18.8,0.8
1631521808.833,18.84,0.8
1631521808.935,18.78,0.8
1631521809.037,18.94,0.8
1631521809.139,18.88,0.8
1631521809.241,18.92,0.8
1631521809.343,18.9,0.8
1631521809.445,18.83,0.8
1631521809.547,18.8,0.8
1631521809.649,18.8,0.8
1631521809.751,18.87,0.8
1631521809.853,18.8,0.8
1631521809.955,18.83,0.8
1631521810.057,18.8,0.8
1631521810.159,18.8,0.8
1631521810.261,18.77,0.8
1631521810.363,18.68,0.8
1631521810.465,18.78,0.8
1631521810.567,18.78,0.8
1631521810.669,18.72,0.8
1631521810.77,18.73,0.8
1631521810.871,18.71,0.8
1631521810.973,18.64,0.8
1631521811.074,18.7,0.8
1631521811.176,18.67,0.7
1631521811.278,18.62,0.7
1631521811.38,18.68,0.7
1631521811.482,18.63,0.7
1631521811.584,18.61,0.7
1631521811.686,18.79,0.7
1631521811.788,18.66,0.7
1631521811.89,18.61,0.7
1631521811.991,18.58,0.7
1631521812.092,18.65,0.7
1631521812.194,18.67,0.7
1631521812.296,18.5,0.7
1631521812.398,18.64,0.7
1631521812.5,18.54,0.7
1631521812.602,18.54,0.7
1631521812.705,18.56,0.7
1631521812.806,18.53,0.7
1631521812.907,18.5,0.7
1631521813.009,18.56,0.7
1631521813.111,18.55,0.7
1631521813.213,18.53,0.7
1631521813.315,18.53,0.7
1631521813.417,18.59,0.7
1631521813.519,18.53,0.7
1631521813.621,18.52,0.7
1631521813.723,18.38,0.7
1631521813.825,18.37,0.7
1631521813.927,18.35,0.7
1631521814.029,18.27,0.7
1631521814.131,18.27,0.7
1631521814.233,18.37,0.7
1631521814.335,18.43,0.7
1631521814.437,18.46,0.7
1631521814.539,18.35,0.7
1631521814.641,18.36,0.7
1631521814.743,18.35,0.7
1631521814.845,18.33,0.7
1631521814.947,18.34,0.7
1631521815.049,18.31,0.7
1631521815.151,18.34,0.7
1631521815.253,18.44,0.7
1631521815.355,18.28,0.7
1631521815.457,18.18,0.7
1631521815.559,18.31,0.7
1631521815.661,18.31,0.7
1631521815.763,18.2,0.7
1631521815.865,18.25,0.7
1631521815.968,18.23,0.7
1631521816.069,18.15,0.7
1631521816.17,18.16,0.7
1631521816.272,18.24,0.7
1631521816.374,18.16,0.7
1631521816.476,18.21,0.7
1631521816.578,18.14,0.7
1631521816.68,18.2,0.7
1631521816.782,18.2,0.7
1631521816.884,18.15,0.7
1631521816.986,18.15,0.7
1631521817.088,18.17,0.7
1631521817.19,18.14,0.7
1631521817.292,18.12,0.7
1631521817.394,18.1,0.7
1631521817.496,18.04,0.7
1631521817.598,18.05,0.7
1631521817.701,18.22,0.7
1631521817.802,18.02,0.7
1631521817.903,18.13,0.7
1631521818.005,18.07,0.7
1631521818.107,18.13,0.7
1631521818.209,18.02,0.7
1631521818.311,18.06,0.7
1631521818.413,18.05,0.7
1631521818.515,17.99,0.7
1631521818.617,18.0,0.7
1631521818.719,18.04,0.7
1631521818.821,18.1,0.7
1631521818.923,18.1,0.7
1631521819.025,18.04,0.7
1631521819.127,18.1,0.7
1631521819.229,17.91,0.7
1631521819.331,17.98,0.7
1631521819.433,18.08,0.7
1631521819.535,18.06,0.7
1631521819.637,18.03,0.7
1631521819.739,18.08,0.7
1631521819.841,18.05,0.7
1631521819.943,18.12,0.7
1631521820.045,18.07,0.7
1631521820.147,18.11,0.7
1631521820.249,18.03,0.7
1631521820.351,18.11,0.7
1631521820.453,18.03,0.7
1631521820.555,17.96,0.7
1631521820.657,17.93,0.7
1631521820.759,18.0,0.7
1631521820.861,18.06,0.7
1631521820.963,18.05,0.7
1631521821.064,18.12,0.7
1631521821.166,18.11,0.7
1631521821.269,18.1,0.7
1631521821.37,18.08,0.7
1631521821.472,18.07,0.7
1631521821.574,18.08,0.7
1631521821.676,18.12,0.7
1631521821.778,18.06,0.7
1631521821.88,18.04,0.7
1631521821.982,18.07,0.7
1631521822.084,18.04,0.7
1631521822.186,18.11,0.7
1631521822.288,18.07,0.7
1631521822.39,18.07,0.7
1631521822.492,18.04,0.7
1631521822.593,18.13,0.7
1631521822.694,18.08,0.7
1631521822.796,18.08,0.7
1631521822.897,18.07,0.7
1631521822.998,18.03,0.7
1631521823.099,18.08,0.7
1631521823.201,18.06,0.7
1631521823.303,18.04,0.7
1631521823.405,18.0,0.7
1631521823.507,18.1,0.7
1631521823.609,18.03,0.7
1631521823.711,18.08,0.7
1631521823.813,17.98,0.7
1631521823.915,18.02,0.7
1631521824.017,18.04,0.7
1631521824.119,18.05,0.7
1631521824.221,18.07,0.7
1631521824.323,18.07,0.7
1631521824.425,18.06,0.7
1631521824.527,18.06,0.7
1631521824.629,18.04,0.7
1631521824.731,18.09,0.7
1631521824.833,18.12,0.7
1631521824.935,18.02,0.7
1631521825.037,18.12,0.7
1631521825.139,18.02,0.7
1631521825.241,18.1,0.7
1631521825.343,18.1,0.7
1631521825.445,18.03,0.7
1631521825.547,18.12,0.7
1631521825.649,18.06,0.7
1631521825.751,18.07,0.7
1631521825.853,18.06,0.7
1631521825.955,18.08,0.7
1631521826.056,18.18,0.6
1631521826.158,18.12,0.6
1631521826.26,18.19,0.6
1631521826.362,18.17,0.6
1631521826.464,18.21,0.6
1631521826.566,18.19,0.6
1631521826.668,18.24,0.6
1631521826.77,18.27,0.6
1631521826.871,18.27,0.6
1631521826.972,18.28,0.6
1631521827.074,18.33,0.6
1631521827.177,18.33,0.6
1631521827.278,18.39,0.6
1631521827.38,18.41,0.6
1631521827.482,18.37,0.6
1631521827.584,18.39,0.6
1631521827.686,18.41,0.6
1631521827.787,18.43,0.6
1631521827.888,18.45,0.6
1631521827.991,18.61,0.6
1631521828.093,18.57,0.6
1631521828.195,18.65,0.6
1631521828.297,18.6,0.6
1631521828.399,18.61,0.6
1631521828.501,18.56,0.6
1631521828.603,18.62,0.6
1631521828.705,18.6,0.6
1631521828.807,18.67,0.6
1631521828.909,18.66,0.6
1631521829.011,18.66,0.6
1631521829.113,18.71,0.6
1631521829.215,18.63,0.6
1631521829.317,18.71,0.6
1631521829.419,18.71,0.6
1631521829.521,18.71,0.6
1631521829.623,18.7,0.6
1631521829.725,18.76,0.6
1631521829.827,18.71,0.6
1631521829.929,18.77,0.6
1631521830.031,18.7,0.6
1631521830.133,18.78,0.6
1631521830.235,18.72,0.6
1631521830.337,18.73,0.6
1631521830.439,18.75,0.6
1631521830.541,18.72,0.6
1631521830.643,18.78,0.6
1631521830.745,18.74,0.6
1631521830.847,18.74,0.6
1631521830.949,18.7,0.6
1631521831.05,18.78,0.6
1631521831.152,18.73,0.6
1631521831.254,18.73,0.6
1631521831.356,18.73,0.6
1631521831.458,18.72,0.6
1631521831.56,18.74,0.6
1631521831.662,18.66,0.6
1631521831.765,18.74,0.6
1631521831.866,18.75,0.6
1631521831.967,18.67,0.6
1631521832.068,18.69,0.6
1631521832.17,18.65,0.6
1631521832.272,18.65,0.6
1631521832.374,18.66,0.6
1631521832.475,18.72,0.6
1631521832.576,18.62,0.6
1631521832.677,18.7,0.6
1631521832.778,18.69,0.6
1631521832.881,18.69,0.6
1631521832.983,18.69,0.6
1631521833.085,18.69,0.6
1631521833.187,18.66,0.6
1631521833.289,18.65,0.6
1631521833.391,18.69,0.6
1631521833.493,18.67,0.6
1631521833.595,18.65,0.6
1631521833.697,18.68,0.6
1631521833.799,18.72,0.6
1631521833.901,18.7,0.6
1631521834.003,18.69,0.6
1631521834.105,18.65,0.6
1631521834.207,18.7,0.6
1631521834.309,18.75,0.6
1631521834.411,18.76,0.6
1631521834.513,18.7,0.6
1631521834.615,18.7,0.6
1631521834.717,18.73,0.6
1631521834.819,18.64,0.6
1631521834.921,18.68,0.6
1631521835.023,18.67,0.6
1631521835.125,18.67,0.6
1631521835.227,18.68,0.6
1631521835.329,18.64,0.6
1631521835.431,18.67,0.6
1631521835.533,18.69,0.6
1631521835.635,18.68,0.6
1631521835.737,18.7,0.6
1631521835.839,18.67,0.6
1631521835.941,18.68,0.6
1631521836.042,18.61,0.6
1631521836.144,18.66,0.6
1631521836.246,18.72,0.6
1631521836.348,18.67,0.6
1631521836.45,18.64,0.6
1631521836.552,18.64,0.6
1631521836.654,18.66,0.6
1631521836.756,18.66,0.6
1631521836.858,18.66,0.6
1631521836.961,18.62,0.6
1631521837.063,18.64,0.6
1631521837.164,18.69,0.6
1631521837.266,18.66,0.6
1631521837.367,18.69,0.6
1631521837.468,18.66,0.6
1631521837.57,18.63,0.6
1631521837.673,18.66,0.6
1631521837.775,18.62,0.6
1631521837.877,18.65,0.6
1631521837.979,18.63,0.6
1631521838.081,18.66,0.6
1631521838.183,18.58,0.6
1631521838.285,18.59,0.6
1631521838.387,18.62,0.6
1631521838.489,18.61,0.6
1631521838.591,18.54,0.6
1631521838.693,18.55,0.6
1631521838.795,18.6,0.6
1631521838.897,18.58,0.6
1631521838.999,18.6,0.6
1631521839.101,18.59,0.6
1631521839.203,18.58,0.6
1631521839.305,18.5,0.6
1631521839.407,18.57,0.6
1631521839.509,18.55,0.6
1631521839.611,18.5,0.6
1631521839.713,18.56,0.6
1631521839.815,18.57,0.6
1631521839.917,18.5,0.6
1631521840.019,18.59,0.6
1631521840.121,18.53,0.6
1631521840.223,18.57,0.6
1631521840.325,18.57,0.6
1631521840.427,18.5,0.6
1631521840.529,18.51,0.6
1631521840.631,18.55,0.6
1631521840.733,18.52,0.6
1631521840.835,18.5,0.6
1631521840.937,18.48,0.6
1631521841.038,18.54,0.6
1631521841.14,18.51,0.6
1631521841.242,18.47,0.6
1631521841.344,18.5,0.6
1631521841.446,18.5,0.6
1631521841.548,18.55,0.6
1631521841.65,18.5,0.6
1631521841.752,18.51,0.6
1631521841.854,18.51,0.6
1631521841.957,18.47,0.6
1631521842.058,18.52,0.6
1631521842.16,18.48,0.6
1631521842.263,18.5,0.6
1631521842.364,18.51,0.6
1631521842.467,18.51,0.6
1631521842.568,18.46,0.6
1631521842.67,18.53,0.6
1631521842.773,18.53,0.6
1631521842.874,18.47,0.6
1631521842.975,18.42,0.6
1631521843.077,18.55,0.6
1631521843.179,18.53,0.6
1631521843.281,18.52,0.6
1631521843.383,18.5,0.6
1631521843.485,18.5,0.6
1631521843.587,18.52,0.6
1631521843.689,18.47,0.6
1631521843.791,18.45,0.6
1631521843.893,18.49,0.6
1631521843.995,18.51,0.6
1631521844.097,18.43,0.6
1631521844.199,18.56,0.6
1631521844.301,18.53,0.6
1631521844.403,18.52,0.6
1631521844.505,18.49,0.6
1631521844.607,18.52,0.6
1631521844.709,18.51,0.6
1631521844.811,18.5,0.6
1631521844.913,18.53,0.6
1631521845.015,18.52,0.6
1631521845.117,18.47,0.6
1631521845.219,18.51,0.6
1631521845.321,18.47,0.6
1631521845.423,18.45,0.6
1631521845.525,18.53,0.6
1631521845.627,18.53,0.6
1631521845.729,18.45,0.6
1631521845.831,18.51,0.6
1631521845.933,18.51,0.6
1631521846.034,18.55,0.6
1631521846.136,18.59,0.6
1631521846.238,18.45,0.6
1631521846.34,18.49,0.6
1631521846.442,18.55,0.6
1631521846.544,18.48,0.6
1631521846.646,18.56,0.6
1631521846.748,18.61,0.6
1631521846.851,18.64,0.6
1631521846.952,18.68,0.6
1631521847.054,18.67,0.6
1631521847.156,18.51,0.6
1631521847.258,18.58,0.6
1631521847.361,18.51,0.6
1631521847.462,18.53,0.6
1631521847.564,18.65,0.6
1631521847.666,18.69,0.6
1631521847.769,18.62,0.6
1631521847.871,18.55,0.6
1631521847.973,18.65,0.6
1631521848.075,18.6,0.6
1631521848.177,18.69,0.6
1631521848.279,18.63,0.6
1631521848.381,18.64,0.6
1631521848.483,18.65,0.6
1631521848.585,18.64,0.6
1631521848.687,18.64,0.6
1631521848.789,18.69,0.6
1631521848.891,18.71,0.6
1631521848.993,18.69,0.6
1631521849.095,18.71,0.6
1631521849.197,18.67,0.6
1631521849.299,18.69,0.6
1631521849.401,18.68,0.6
1631521849.503,18.69,0.6
1631521849.605,18.75,0.6
1631521849.707,18.76,0.6
1631521849.809,18.75,0.6
1631521849.911,18.71,0.6
1631521850.013,18.7,0.6
1631521850.115,18.64,0.6
1631521850.217,18.68,0.6
1631521850.319,18.66,0.6
1631521850.421,18.71,0.6
1631521850.523,18.66,0.6
1631521850.625,18.59,0.6
1631521850.727,18.68,0.6
1631521850.829,18.73,0.6
1631521850.931,18.66,0.6
1631521851.032,18.64,0.6
1631521851.134,18.64,0.6
1631521851.236,18.62,0.6
1631521851.338,18.67,0.6
1631521851.441,18.67,0.6
1631521851.542,18.58,0.6
1631521851.644,18.64,0.6
1631521851.746,18.58,0.6
1631521851.848,18.62,0.6
1631521851.95,18.6,0.6
1631521852.052,18.6,0.6
1631521852.154,18.65,0.6
1631521852.255,18.55,0.6
1631521852.356,18.62,0.6
1631521852.458,18.63,0.6
1631521852.559,18.59,0.6
1631521852.66,18.57,0.6
1631521852.761,18.62,0.6
1631521852.863,18.61,0.6
1631521852.965,18.62,0.6
1631521853.067,18.61,0.6
1631521853.169,18.56,0.6
1631521853.271,18.56,0.6
1631521853.373,18.6,0.6
1631521853.475,18.6,0.6
1631521853.577,18.53,0.6
1631521853.679,18.51,0.6
1631521853.781,18.57,0.6
1631521853.883,18.54,0.6
1631521853.985,18.52,0.6
1631521854.087,18.51,0.6
1631521854.189,18.53,0.6
1631521854.291,18.46,0.6
1631521854.393,18.47,0.6
1631521854.495,18.45,0.6
1631521854.597,18.44,0.6
1631521854.699,18.49,0.6
1631521854.801,18.49,0.6
1631521854.903,18.5,0.6
1631521855.005,18.48,0.6
1631521855.107,18.43,0.6
1631521855.209,18.42,0.6
1631521855.311,18.41,0.6
1631521855.413,18.42,0.6
1631521855.515,18.38,0.6
1631521855.617,18.45,0.6
1631521855.719,18.37,0.6
1631521855.821,18.41,0.6
1631521855.923,18.4,0.6
1631521856.024,18.35,0.6
1631521856.126,18.35,0.6
1631521856.228,18.36,0.6
1631521856.33,18.32,0.6
1631521856.432,18.35,0.6
1631521856.534,18.38,0.6
1631521856.636,18.34,0.6
1631521856.738,18.36,0.6
1631521856.84,18.33,0.6
1631521856.942,18.37,0.6
1631521857.043,18.35,0.6
1631521857.144,18.29,0.6
1631521857.246,18.32,0.6
1631521857.348,18.32,0.6
1631521857.45,18.29,0.6
1631521857.552,18.29,0.6
1631521857.653,18.32,0.6
1631521857.754,18.29,0.6
1631521857.857,18.3,0.6
1631521857.959,18.32,0.6
1631521858.061,18.35,0.6
1631521858.163,18.33,0.6
1631521858.265,18.32,0.6
1631521858.367,18.26,0.6
1631521858.469,18.29,0.6
1631521858.571,18.28,0.6
1631521858.673,18.33,0.6
1631521858.775,18.33,0.6
1631521858.877,18.33,0.6
1631521858.979,18.36,0.6
1631521859.081,18.38,0.6
1631521859.183,18.36,0.6
1631521859.285,18.31,0.6
1631521859.387,18.35,0.6
1631521859.489,18.29,0.6
1631521859.591,18.35,0.6
1631521859.693,18.36,0.6
1631521859.795,18.42,0.6
1631521859.897,18.32,0.6
1631521859.999,18.35,0.6
1631521860.101,18.27,0.6
1631521860.203,18.31,0.6
1631521860.305,18.35,0.6
1631521860.407,18.36,0.6
1631521860.509,18.29,0.6
1631521860.611,18.33,0.6
1631521860.713,18.81,0.6
1631521860.815,18.36,0.6
1631521860.917,18.16,0.6
1631521861.017,18.35,0.7
1631521861.118,18.44,0.7
1631521861.22,18.3,0.7
1631521861.322,18.29,0.7
1631521861.424,18.57,0.7
1631521861.526,18.51,0.7
1631521861.628,18.49,0.7
1631521861.73,18.54,0.7
1631521861.832,18.58,0.7
1631521861.934,18.53,0.7
1631521862.036,18.58,0.7
1631521862.138,18.49,0.7
1631521862.24,18.53,0.7
1631521862.342,18.54,0.7
1631521862.443,18.51,0.7
1631521862.544,18.51,0.7
1631521862.646,18.5,0.7
1631521862.748,18.46,0.7
1631521862.851,18.41,0.7
1631521862.952,18.37,0.7
1631521863.055,18.44,0.7
1631521863.157,18.49,0.7
1631521863.259,18.63,0.7
1631521863.361,18.54,0.7
1631521863.463,18.52,0.7
1631521863.565,18.58,0.7
1631521863.667,18.45,0.7
1631521863.769,18.63,0.7
1631521863.871,18.7,0.7
1631521863.973,18.56,0.7
1631521864.075,18.55,0.7
1631521864.177,18.55,0.7
1631521864.279,18.59,0.7
1631521864.381,18.5,0.7
1631521864.483,18.6,0.7
1631521864.585,18.61,0.7
1631521864.687,18.64,0.7
1631521864.789,18.58,0.7
1631521864.891,18.72,0.7
1631521864.993,18.59,0.7
1631521865.095,18.74,0.7
1631521865.197,18.83,0.7
1631521865.299,18.78,0.7
1631521865.401,18.6,0.7
1631521865.503,18.74,0.7
1631521865.605,18.84,0.7
1631521865.707,18.65,0.7
1631521865.809,18.72,0.7
1631521865.911,18.68,0.7
1631521866.012,18.71,0.7
1631521866.114,18.6,0.7
1631521866.216,18.64,0.7
1631521866.318,18.63,0.7
1631521866.42,18.7,0.7
1631521866.522,18.67,0.7
1631521866.624,18.69,0.7
1631521866.726,18.82,0.7
1631521866.828,18.75,0.7
1631521866.93,18.75,0.7
1631521867.032,18.78,0.7
1631521867.134,18.79,0.7
1631521867.236,18.69,0.7
1631521867.339,18.67,0.7
1631521867.44,18.61,0.7
1631521867.543,18.63,0.7
1631521867.645,18.6,0.7
1631521867.746,18.49,0.7
1631521867.848,18.59,0.7
1631521867.951,18.52,0.7
1631521868.052,18.47,0.7
1631521868.153,18.54,0.7
1631521868.255,18.51,0.7
1631521868.357,18.62,0.7
1631521868.459,18.53,0.7
1631521868.561,18.44,0.7
1631521868.663,18.46,0.7
1631521868.765,18.42,0.7
1631521868.867,18.51,0.7
1631521868.969,18.54,0.7
1631521869.071,18.48,0.7
1631521869.173,18.46,0.8
1631521869.275,18.54,0.8
1631521869.377,18.52,0.8
1631521869.479,18.64,0.8
1631521869.581,18.72,0.8
1631521869.683,18.53,0.8
1631521869.785,18.53,0.8
1631521869.887,18.58,0.8
1631521869.989,18.55,0.8
1631521870.091,18.53,0.8
1631521870.193,18.49,0.8
1631521870.295,18.61,0.8
1631521870.397,18.64,0.8
1631521870.499,18.58,0.8
1631521870.601,18.56,0.8
1631521870.703,18.55,0.8
1631521870.805,18.61,0.8
1631521870.907,18.58,0.8
1631521871.008,18.7,0.8
1631521871.11,18.74,0.8
1631521871.212,18.58,0.8
1631521871.314,18.69,0.8
1631521871.416,18.56,0.8
1631521871.518,18.56,0.8
1631521871.62,18.54,0.8
1631521871.722,18.52,0.8
1631521871.824,18.57,0.8
1631521871.926,18.53,0.8
1631521872.028,18.55,0.8
1631521872.129,18.48,0.8
1631521872.23,18.51,0.8
1631521872.332,18.59,0.8
1631521872.434,18.55,0.8
1631521872.536,18.51,0.8
1631521872.639,18.53,0.8
1631521872.74,18.52,0.8
1631521872.841,18.45,0.8
1631521872.942,18.45,0.8
1631521873.045,18.29,0.8
1631521873.147,18.2,0.8
1631521873.249,18.65,0.8
1631521873.351,18.36,0.8
1631521873.453,18.51,0.8
1631521873.555,18.46,0.8
1631521873.657,18.5,0.8
1631521873.759,18.61,0.8
1631521873.861,18.54,0.8
1631521873.963,18.42,0.8
1631521874.065,18.53,0.8
1631521874.167,18.56,0.8
1631521874.269,18.63,0.8
1631521874.371,18.43,0.8
1631521874.473,18.45,0.7
1631521874.575,18.58,0.7
1631521874.677,18.67,0.7
1631521874.779,18.67,0.7
1631521874.881,18.64,0.7
1631521874.983,18.62,0.7
1631521875.085,18.75,0.7
1631521875.187,18.7,0.7
1631521875.289,18.62,0.7
1631521875.391,18.57,0.8
1631521875.493,18.5,0.8
1631521875.595,18.84,0.8
1631521875.697,18.42,0.8
1631521875.799,18.63,0.8
1631521875.901,18.66,0.8
1631521876.002,18.67,0.8
1631521876.104,18.54,0.8
1631521876.206,18.62,0.8
1631521876.308,18.67,0.8
1631521876.41,18.76,0.8
1631521876.512,18.69,0.8
1631521876.614,18.91,0.8
1631521876.716,18.79,0.8
1631521876.818,18.88,0.8
1631521876.92,18.94,0.8
1631521877.022,18.86,0.8
1631521877.124,18.81,0.8
1631521877.225,18.69,0.8
1631521877.326,18.52,0.8
1631521877.428,18.48,0.8
1631521877.53,18.44,0.8
1631521877.632,18.4,0.8
1631521877.734,18.36,0.8
1631521877.837,18.35,0.8
1631521877.938,18.49,0.8
1631521878.039,18.57,0.8
1631521878.141,18.43,0.8
1631521878.243,18.34,0.8
1631521878.345,18.41,0.8
1631521878.447,18.26,0.8
1631521878.549,18.29,0.8
1631521878.651,18.31,0.8
1631521878.753,18.26,0.8
1631521878.855,18.23,0.8
1631521878.957,18.22,0.8
1631521879.059,18.2,0.8
1631521879.161,18.19,0.8
1631521879.263,18.21,0.8
1631521879.365,18.18,0.8
1631521879.467,18.1,0.8
1631521879.569,18.12,0.8
1631521879.671,18.13,0.8
1631521879.773,18.14,0.8
1631521879.875,18.08,0.8
1631521879.977,18.08,0.8
1631521880.079,18.02,0.8
1631521880.181,18.03,0.8
1631521880.283,18.06,0.8
1631521880.385,18.01,0.8
1631521880.487,17.9,0.8
1631521880.589,17.96,0.8
1631521880.691,17.91,0.8
1631521880.793,17.93,0.8
1631521880.895,17.99,0.8
1631521880.997,18.0,0.8
1631521881.098,17.89,0.8
1631521881.2,17.99,0.8
1631521881.302,17.87,0.8
1631521881.404,17.91,0.8
1631521881.506,17.9,0.8
1631521881.608,17.93,0.8
1631521881.71,17.95,0.8
1631521881.812,17.89,0.8
1631521881.914,17.84,0.8
1631521882.015,17.93,0.8
1631521882.116,17.84,0.8
1631521882.218,17.98,0.8
1631521882.32,17.97,0.8
1631521882.422,17.94,0.8
1631521882.524,18.08,0.8
1631521882.626,17.95,0.8
1631521882.727,18.0,0.8
1631521882.828,17.94,0.8
1631521882.93,17.92,0.8
1631521883.033,18.0,0.8
1631521883.135,17.97,0.8
1631521883.237,18.06,0.7
1631521883.339,17.93,0.7
1631521883.441,18.03,0.7
1631521883.543,17.97,0.7
1631521883.645,18.02,0.7
1631521883.747,18.07,0.7
1631521883.849,17.97,0.7
1631521883.951,18.05,0.7
1631521884.053,18.04,0.7
1631521884.155,18.1,0.7
1631521884.257,18.05,0.7
1631521884.359,18.06,0.7
1631521884.461,17.93,0.7
1631521884.563,17.97,0.7
1631521884.665,18.01,0.7
1631521884.767,18.12,0.7
1631521884.869,18.09,0.7
1631521884.971,18.24,0.7
1631521885.073,18.22,0.7
1631521885.175,18.22,0.7
1631521885.277,18.17,0.7
1631521885.379,18.03,0.7
1631521885.481,17.93,0.7
1631521885.583,17.92,0.7
1631521885.685,17.96,0.7
1631521885.787,18.13,0.7
1631521885.889,18.19,0.7
1631521885.991,18.16,0.7
1631521886.092,18.25,0.7
1631521886.194,18.29,0.7
1631521886.296,18.28,0.7
1631521886.398,18.3,0.7
1631521886.5,18.25,0.7
1631521886.602,18.26,0.7
1631521886.704,18.3,0.7
1631521886.806,18.24,0.7
1631521886.907,18.26,0.7
1631521887.008,18.36,0.7
1631521887.11,18.36,0.7
1631521887.212,18.38,0.7
1631521887.314,18.41,0.7
1631521887.416,18.4,0.7
1631521887.518,18.37,0.7
1631521887.62,18.4,0.7
1631521887.721,18.44,0.7
1631521887.822,18.43,0.7
1631521887.923,18.41,0.7
1631521888.024,18.48,0.7
1631521888.125,18.49,0.7
1631521888.227,18.46,0.7
1631521888.329,18.46,0.7
1631521888.431,18.51,0.7
1631521888.533,18.47,0.7
1631521888.635,18.51,0.7
1631521888.737,18.55,0.7
1631521888.839,18.54,0.7
1631521888.941,18.55,0.7
1631521889.043,18.63,0.7
1631521889.145,18.54,0.7
1631521889.247,18.61,0.7
1631521889.349,18.57,0.7
1631521889.451,18.81,0.7
1631521889.553,18.69,0.7
1631521889.655,18.71,0.7
1631521889.757,18.69,0.7
1631521889.859,18.68,0.7
1631521889.961,18.72,0.7
1631521890.063,18.77,0.7
1631521890.165,18.75,0.7
1631521890.267,18.79,0.7
1631521890.369,18.79,0.7
1631521890.471,18.78,0.7
1631521890.573,18.76,0.7
1631521890.675,18.77,0.7
1631521890.777,18.77,0.7
1631521890.879,18.82,0.7
1631521890.981,18.73,0.7
1631521891.082,18.9,0.7
1631521891.184,18.82,0.7
1631521891.286,18.78,0.7
1631521891.388,18.93,0.7
1631521891.49,18.9,0.7
1631521891.592,18.9,0.7
1631521891.694,18.9,0.7
1631521891.796,18.92,0.7
1631521891.898,18.92,0.7
1631521892.0,18.92,0.7
1631521892.102,18.85,0.7
1631521892.204,18.88,0.7
1631521892.306,18.98,0.7
1631521892.408,18.99,0.7
1631521892.51,18.91,0.7
1631521892.612,18.95,0.7
1631521892.714,18.99,0.7
1631521892.815,19.04,0.7
1631521892.916,19.02,0.7
1631521893.018,19.02,0.7
1631521893.119,19.06,0.7
1631521893.22,18.99,0.7
1631521893.321,18.96,0.7
1631521893.423,18.99,0.7
1631521893.525,18.98,0.7
1631521893.627,18.99,0.7
1631521893.729,18.98,0.7
1631521893.831,19.0,0.7
1631521893.933,19.03,0.7
1631521894.035,19.03,0.7
1631521894.137,19.02,0.7
1631521894.239,18.98,0.7
1631521894.341,19.06,0.7
1631521894.443,19.03,0.7
1631521894.545,19.0,0.7
1631521894.647,19.01,0.7
1631521894.749,19.04,0.7
1631521894.851,19.06,0.6
1631521894.953,19.03,0.6
1631521895.055,19.02,0.6
1631521895.157,19.08,0.6
1631521895.259,19.07,0.6
1631521895.361,19.04,0.6
1631521895.463,19.07,0.6
1631521895.565,19.07,0.6
1631521895.667,19.06,0.6
1631521895.769,19.03,0.6
1631521895.871,19.0,0.6
1631521895.973,19.02,0.6
1631521896.074,19.01,0.6
1631521896.176,19.03,0.6
1631521896.278,19.02,0.6
1631521896.38,19.03,0.6
1631521896.482,19.0,0.6
1631521896.584,19.04,0.6
1631521896.686,19.02,0.6
1631521896.788,19.01,0.6
1631521896.89,19.05,0.6
1631521896.992,19.08,0.6
1631521897.094,19.01,0.6
1631521897.196,19.07,0.6
1631521897.298,19.07,0.6
1631521897.4,19.03,0.6
1631521897.502,19.09,0.6
1631521897.604,19.09,0.6
1631521897.706,19.05,0.6
1631521897.808,19.12,0.6
1631521897.91,19.07,0.6
1631521898.012,19.06,0.6
1631521898.115,19.06,0.6
1631521898.217,19.07,0.6
1631521898.319,19.0,0.6
1631521898.421,19.05,0.6
1631521898.523,19.09,0.6
1631521898.625,19.12,0.6
1631521898.727,19.06,0.6
1631521898.829,19.09,0.6
1631521898.931,19.08,0.6
1631521899.033,19.06,0.6
1631521899.135,19.04,0.6
1631521899.237,19.08,0.6
1631521899.339,19.1,0.6
1631521899.441,19.07,0.6
1631521899.543,19.08,0.6
1631521899.645,19.07,0.6
1631521899.747,19.1,0.6
1631521899.849,19.13,0.6
1631521899.952,19.1,0.6
1631521900.053,19.1,0.6
1631521900.155,19.13,0.6
1631521900.257,19.06,0.6
1631521900.359,19.13,0.6
1631521900.461,19.1,0.6
1631521900.563,19.11,0.6
1631521900.665,19.12,0.6
1631521900.767,19.09,0.6
1631521900.869,19.04,0.6
1631521900.971,19.1,0.6
1631521901.072,19.11,0.6
1631521901.174,19.09,0.6
1631521901.276,19.09,0.6
1631521901.378,19.08,0.6
1631521901.48,19.06,0.6
1631521901.582,19.11,0.6
1631521901.684,19.12,0.6
1631521901.786,19.09,0.6
1631521901.888,19.12,0.6
1631521901.99,19.12,0.6
1631521902.092,19.1,0.6
1631521902.194,19.12,0.6
1631521902.296,19.07,0.6
1631521902.398,19.1,0.6
1631521902.501,19.09,0.6
1631521902.602,19.1,0.6
1631521902.704,19.11,0.6
1631521902.806,19.08,0.6
1631521902.908,19.1,0.6
1631521903.01,19.08,0.6
1631521903.111,19.1,0.6
1631521903.212,19.1,0.6
1631521903.315,19.08,0.6
1631521903.417,19.09,0.6
1631521903.519,19.09,0.6
1631521903.621,19.06,0.6
1631521903.723,19.06,0.5
1631521903.825,19.07,0.5
1631521903.927,19.06,0.5
1631521904.029,19.09,0.5
1631521904.131,19.1,0.5
1631521904.233,19.06,0.5
1631521904.335,19.05,0.5
1631521904.437,19.0,0.5
1631521904.539,19.05,0.5
1631521904.641,19.04,0.5
1631521904.743,19.03,0.5
1631521904.845,19.02,0.5
1631521904.947,19.04,0.5
1631521905.05,19.0,0.5
1631521905.151,19.04,0.5
1631521905.253,19.01,0.5
1631521905.355,18.91,0.5
1631521905.457,18.95,0.5
1631521905.559,18.93,0.5
1631521905.661,18.9,0.5
1631521905.763,18.92,0.5
1631521905.865,18.82,0.5
1631521905.967,18.85,0.5
1631521906.068,18.84,0.5
1631521906.17,18.77,0.5
1631521906.272,18.79,0.5
1631521906.374,18.71,0.5
1631521906.476,18.75,0.5
1631521906.578,18.72,0.5
1631521906.68,18.68,0.5
1631521906.782,18.74,0.5
1631521906.884,18.68,0.5
1631521906.986,18.63,0.5
1631521907.088,18.57,0.5
1631521907.19,18.64,0.5
1631521907.292,18.61,0.5
1631521907.394,18.74,0.5
1631521907.496,18.57,0.5
1631521907.597,18.61,0.5
1631521907.698,18.6,0.5
1631521907.8,18.52,0.5
1631521907.903,18.55,0.5
1631521908.004,18.44,0.5
1631521908.105,18.51,0.5
1631521908.206,18.55,0.5
1631521908.307,18.48,0.5
1631521908.409,18.5,0.5
1631521908.511,18.49,0.5
1631521908.613,18.47,0.5
1631521908.715,18.49,0.5
1631521908.817,18.41,0.5
1631521908.919,18.5,0.5
1631521909.021,18.45,0.5
1631521909.123,18.38,0.5
1631521909.225,18.43,0.5
1631521909.327,18.41,0.5
1631521909.429,18.39,0.5
1631521909.531,18.38,0.5
1631521909.633,18.44,0.5
1631521909.735,18.42,0.5
1631521909.837,18.38,0.5
1631521909.939,18.38,0.5
1631521910.041,18.32,0.5
1631521910.143,18.32,0.5
1631521910.245,18.37,0.5
1631521910.347,18.31,0.5
1631521910.449,18.39,0.5
1631521910.552,18.29,0.5
1631521910.653,18.27,0.5
1631521910.755,18.21,0.5
1631521910.857,18.3,0.5
1631521910.959,18.23,0.5
1631521911.06,18.24,0.5
1631521911.162,18.21,0.5
1631521911.264,18.3,0.5
1631521911.366,18.23,0.5
1631521911.468,18.16,0.5
1631521911.57,18.17,0.5
1631521911.672,18.16,0.5
1631521911.774,18.18,0.5
1631521911.876,18.17,0.5
1631521911.978,18.15,0.5
1631521912.08,18.07,0.5
1631521912.182,18.07,0.5
1631521912.284,18.04,0.5
1631521912.386,18.14,0.5
1631521912.488,18.14,0.5
1631521912.59,18.06,0.5
1631521912.692,18.1,0.5
1631521912.794,18.1,0.5
1631521912.896,18.05,0.5
1631521912.997,18.05,0.5
1631521913.098,18.01,0.5
1631521913.2,18.07,0.5
1631521913.303,18.01,0.5
1631521913.404,18.02,0.5
1631521913.507,18.03,0.5
1631521913.609,17.98,0.5
1631521913.711,18.06,0.5
1631521913.813,18.01,0.5
1631521913.915,18.07,0.5
1631521914.017,17.92,0.5
1631521914.119,17.93,0.5
1631521914.221,17.96,0.5
1631521914.323,17.95,0.5
1631521914.425,17.93,0.5
1631521914.527,17.93,0.5
1631521914.629,17.94,0.5
1631521914.731,17.93,0.5
1631521914.833,17.94,0.5
1631521914.935,17.96,0.5
1631521915.037,17.97,0.5
1631521915.139,17.94,0.5
1631521915.241,17.97,0.5
1631521915.343,18.0,0.5
1631521915.445,17.97,0.5
1631521915.547,18.01,0.5
1631521915.649,18.0,0.5
1631521915.751,18.04,0.5
1631521915.853,18.03,0.5
1631521915.955,18.0,0.5
1631521916.056,18.02,0.5
1631521916.158,18.06,0.5
1631521916.26,18.1,0.5
1631521916.362,18.05,0.5
1631521916.464,18.12,0.5
1631521916.566,18.11,0.5
1631521916.668,18.14,0.5
1631521916.77,18.15,0.5
1631521916.872,18.13,0.5
1631521916.974,18.2,0.5
1631521917.076,18.12,0.5
1631521917.178,18.23,0.5
1631521917.28,18.16,0.5
1631521917.382,18.19,0.5
1631521917.484,18.24,0.5
1631521917.586,18.27,0.5
1631521917.688,18.22,0.5
1631521917.79,18.2,0.5
1631521917.891,18.2,0.5
1631521917.992,18.23,0.5
1631521918.094,18.22,0.5
1631521918.196,18.2,0.5
1631521918.297,18.2,0.5
1631521918.398,18.12,0.5
1631521918.499,18.15,0.5
1631521918.601,18.11,0.5
1631521918.703,18.11,0.5
1631521918.805,18.12,0.5
1631521918.907,18.1,0.5
1631521919.009,18.02,0.5
1631521919.111,18.07,0.5
1631521919.213,17.98,0.5
1631521919.315,17.98,0.5
1631521919.417,17.99,0.5
1631521919.519,17.99,0.5
1631521919.621,17.96,0.5
1631521919.723,17.91,0.5
1631521919.825,17.95,0.5
1631521919.927,17.96,0.5
1631521920.029,17.91,0.5
1631521920.131,17.87,0.5
1631521920.233,17.96,0.5
1631521920.335,17.85,0.5
1631521920.437,17.82,0.5
1631521920.539,17.87,0.5
1631521920.641,17.89,0.5
1631521920.743,17.81,0.5
1631521920.845,17.78,0.5
1631521920.948,17.75,0.5
1631521921.048,17.69,0.5
1631521921.15,17.77,0.5
1631521921.252,17.83,0.5
1631521921.354,17.83,0.5
1631521921.456,17.81,0.5
1631521921.558,17.72,0.5
1631521921.66,17.82,0.5
1631521921.762,17.7,0.5
1631521921.864,17.7,0.5
1631521921.966,17.71,0.5
1631521922.068,17.64,0.5
1631521922.17,17.63,0.5
1631521922.272,17.71,0.4
1631521922.374,17.75,0.4
1631521922.476,17.73,0.4
1631521922.578,17.79,0.4
1631521922.68,17.81,0.4
1631521922.782,17.81,0.4
1631521922.884,17.81,0.4
1631521922.985,17.83,0.4
1631521923.086,17.88,0.4
1631521923.188,18.05,0.4
1631521923.291,18.04,0.4
1631521923.392,17.86,0.4
1631521923.495,18.03,0.4
1631521923.597,18.06,0.4
1631521923.699,18.12,0.4
1631521923.801,18.19,0.4
1631521923.903,18.19,0.4
1631521924.005,18.08,0.4
1631521924.107,18.06,0.4
1631521924.209,18.06,0.4
1631521924.311,18.06,0.4
1631521924.413,18.07,0.4
1631521924.515,18.11,0.4
1631521924.617,18.0,0.4
1631521924.719,17.98,0.4
1631521924.821,17.98,0.4
1631521924.923,17.89,0.4
1631521925.025,17.91,0.4
1631521925.127,17.86,0.4
1631521925.229,17.86,0.4
1631521925.331,17.92,0.4
1631521925.433,17.85,0.4
1631521925.535,17.82,0.4
1631521925.637,17.8,0.4
1631521925.739,17.81,0.4
1631521925.841,17.73,0.4
1631521925.943,17.87,0.4
1631521926.044,17.81,0.4
1631521926.147,17.79,0.4
1631521926.248,17.75,0.4
1631521926.35,17.68,0.4
1631521926.452,17.66,0.4
1631521926.554,17.73,0.4
1631521926.656,17.88,0.4
1631521926.758,17.81,0.4
1631521926.86,17.74,0.4
1631521926.962,17.74,0.4
1631521927.064,17.75,0.4
1631521927.166,17.78,0.4
1631521927.268,17.77,0.4
1631521927.369,17.82,0.4
1631521927.47,17.83,0.4
1631521927.572,17.78,0.4
1631521927.674,17.93,0.4
1631521927.776,17.85,0.4
1631521927.878,17.86,0.4
1631521927.98,17.92,0.4
1631521928.082,17.87,0.4
1631521928.183,17.95,0.4
1631521928.284,17.86,0.4
1631521928.385,17.92,0.4
1631521928.487,17.99,0.4
1631521928.589,17.98,0.4
1631521928.691,17.97,0.4
1631521928.793,18.07,0.4
1631521928.895,18.13,0.4
1631521928.997,18.12,0.4
1631521929.099,18.13,0.4
1631521929.201,18.21,0.4
1631521929.303,18.17,0.4
1631521929.405,18.25,0.4
1631521929.507,18.25,0.4
1631521929.609,18.26,0.4
1631521929.711,18.29,0.4
1631521929.813,18.28,0.4
1631521929.915,18.37,0.4
1631521930.017,18.33,0.4
1631521930.119,18.36,0.4
1631521930.221,18.41,0.4
1631521930.323,18.38,0.4
1631521930.425,18.41,0.4
1631521930.527,18.41,0.4
1631521930.629,18.4,0.4
1631521930.731,18.42,0.4
1631521930.833,18.44,0.4
1631521930.935,18.51,0.4
1631521931.036,18.47,0.4
1631521931.138,18.49,0.4
1631521931.24,18.49,0.4
1631521931.342,18.46,0.4
1631521931.445,18.58,0.4
1631521931.546,18.53,0.4
1631521931.648,18.57,0.4
1631521931.75,18.56,0.4
1631521931.852,18.57,0.4
1631521931.954,18.67,0.4
1631521932.056,18.54,0.4
1631521932.158,18.61,0.4
1631521932.26,18.53,0.4
1631521932.362,18.63,0.4
1631521932.464,18.67,0.4
1631521932.566,18.59,0.4
1631521932.668,18.61,0.4
1631521932.771,18.62,0.4
1631521932.872,18.59,0.4
1631521932.974,18.63,0.4
1631521933.077,18.68,0.4
1631521933.178,18.59,0.4
1631521933.279,18.65,0.4
1631521933.38,18.65,0.4
1631521933.482,18.71,0.4
1631521933.585,18.77,0.4
1631521933.687,18.67,0.4
1631521933.789,18.61,0.4
1631521933.891,18.68,0.4
1631521933.993,18.7,0.4
1631521934.095,18.64,0.4
1631521934.197,18.69,0.4
1631521934.299,18.68,0.4
1631521934.401,18.72,0.4
1631521934.503,18.76,0.5
1631521934.605,18.89,0.5
1631521934.707,18.8,0.5
1631521934.809,18.74,0.5
1631521934.911,18.75,0.5
1631521935.013,18.81,0.5
1631521935.115,18.74,0.5
1631521935.217,18.79,0.5
1631521935.319,18.78,0.5
1631521935.421,18.8,0.5
1631521935.523,18.78,0.5
1631521935.625,18.77,0.5
1631521935.727,18.85,0.5
1631521935.829,18.87,0.5
1631521935.931,18.79,0.5
1631521936.032,18.82,0.5
1631521936.134,18.83,0.5
1631521936.236,18.89,0.5
1631521936.338,18.82,0.5
1631521936.44,18.82,0.5
1631521936.543,18.87,0.5
1631521936.645,18.82,0.5
1631521936.746,18.77,0.5
1631521936.848,18.83,0.5
1631521936.95,18.81,0.5
1631521937.052,18.76,0.5
1631521937.154,18.75,0.5
1631521937.256,18.9,0.5
1631521937.359,18.91,0.5
1631521937.46,18.84,0.5
1631521937.562,18.86,0.5
1631521937.665,18.9,0.5
1631521937.766,18.93,0.5
1631521937.868,18.96,0.5
1631521937.97,18.81,0.5
1631521938.072,18.95,0.5
1631521938.174,18.83,0.5
1631521938.276,18.82,0.5
1631521938.378,18.83,0.5
1631521938.481,18.71,0.5
1631521938.583,18.77,0.5
1631521938.685,18.79,0.5
1631521938.787,18.83,0.5
1631521938.889,18.76,0.5
1631521938.991,18.8,0.5
1631521939.093,19.04,0.5
1631521939.195,18.88,0.5
1631521939.297,18.82,0.5
1631521939.399,18.83,0.5
1631521939.501,18.88,0.5
1631521939.603,18.83,0.5
1631521939.705,18.87,0.5
1631521939.807,18.93,0.5
1631521939.909,18.92,0.5
1631521940.011,19.03,0.5
1631521940.113,18.86,0.5
1631521940.215,18.94,0.5
1631521940.317,19.01,0.5
1631521940.419,18.93,0.5
1631521940.521,19.02,0.5
1631521940.623,19.0,0.5
1631521940.725,18.85,0.5
1631521940.827,18.97,0.5
1631521940.929,19.02,0.5
1631521941.03,19.01,0.5
1631521941.132,18.99,0.5
1631521941.234,19.05,0.5
1631521941.336,19.09,0.5
1631521941.438,19.1,0.5
1631521941.541,19.06,0.5
1631521941.642,19.09,0.5
1631521941.744,19.13,0.5
1631521941.847,19.14,0.5
1631521941.948,19.21,0.5
1631521942.05,19.09,0.5
1631521942.152,19.12,0.5
1631521942.254,19.19,0.5
1631521942.356,19.29,0.5
1631521942.458,19.09,0.5
1631521942.561,19.18,0.5
1631521942.662,19.07,0.5
1631521942.764,19.15,0.5
1631521942.866,19.17,0.5
1631521942.968,19.26,0.5
1631521943.07,19.2,0.5
1631521943.172,19.25,0.5
1631521943.275,19.15,0.5
1631521943.376,19.19,0.5
1631521943.478,19.26,0.5
1631521943.581,19.21,0.5
1631521943.683,19.3,0.5
1631521943.785,19.32,0.5
1631521943.887,19.28,0.5
1631521943.989,19.42,0.5
1631521944.091,19.46,0.5
1631521944.193,19.37,0.5
1631521944.295,19.53,0.5
1631521944.397,19.52,0.5
1631521944.499,19.4,0.5
1631521944.601,19.35,0.5
1631521944.703,19.29,0.5
1631521944.805,19.19,0.5
1631521944.907,19.03,0.5
1631521945.009,19.1,0.5
1631521945.111,18.99,0.5
1631521945.213,18.97,0.5
1631521945.315,18.96,0.5
1631521945.417,18.75,0.5
1631521945.519,18.88,0.5
1631521945.621,18.77,0.5
1631521945.723,18.33,0.5
1631521945.825,18.81,0.5
1631521945.927,18.75,0.5
1631521946.028,18.76,0.5
1631521946.13,18.63,0.5
1631521946.232,18.72,0.5
1631521946.334,18.69,0.5
1631521946.436,18.59,0.5
1631521946.539,18.59,0.5
1631521946.64,18.58,0.5
1631521946.741,18.51,0.5
1631521946.842,18.54,0.5
1631521946.944,18.48,0.5
1631521947.046,18.53,0.5
1631521947.148,18.49,0.5
1631521947.25,18.42,0.5
1631521947.352,18.4,0.5
1631521947.454,18.42,0.5
1631521947.556,18.38,0.5
1631521947.657,18.43,0.5
1631521947.758,18.39,0.5
1631521947.86,18.44,0.5
1631521947.963,18.38,0.5
1631521948.064,18.37,0.5
1631521948.166,18.33,0.5
1631521948.268,18.37,0.5
1631521948.37,18.36,0.5
1631521948.471,18.28,0.5
1631521948.573,18.34,0.5
1631521948.675,18.35,0.5
1631521948.777,18.36,0.5
1631521948.879,18.41,0.5
1631521948.981,18.39,0.5
1631521949.083,18.37,0.5
1631521949.185,18.36,0.5
1631521949.287,18.3,0.5
1631521949.389,18.35,0.5
1631521949.491,18.46,0.5
1631521949.593,18.39,0.5
1631521949.695,18.46,0.5
1631521949.797,18.4,0.5
1631521949.899,18.48,0.5
1631521950.001,18.48,0.5
1631521950.103,18.46,0.5
1631521950.205,18.5,0.5
1631521950.307,18.5,0.5
1631521950.409,18.53,0.5
1631521950.511,18.44,0.5
1631521950.613,18.48,0.5
1631521950.715,18.48,0.5
1631521950.817,18.51,0.5
1631521950.919,18.49,0.5
1631521951.02,18.5,0.5
1631521951.122,18.56,0.5
1631521951.224,18.56,0.5
1631521951.326,18.52,0.5
1631521951.428,18.52,0.5
1631521951.53,18.54,0.5
1631521951.632,18.56,0.5
1631521951.734,18.51,0.5
1631521951.836,18.58,0.5
1631521951.939,18.54,0.5
1631521952.041,18.56,0.5
1631521952.142,18.62,0.5
1631521952.244,18.63,0.5
1631521952.346,18.49,0.5
1631521952.448,18.72,0.5
1631521952.551,18.57,0.5
1631521952.652,18.66,0.5
1631521952.754,18.58,0.5
1631521952.856,18.67,0.5
1631521952.958,18.66,0.5
1631521953.06,18.66,0.5
1631521953.162,18.66,0.5
1631521953.265,18.67,0.5
1631521953.366,18.67,0.5
1631521953.469,18.63,0.5
1631521953.571,18.75,0.5
1631521953.673,18.82,0.5
1631521953.775,18.82,0.5
1631521953.877,18.77,0.5
1631521953.979,18.83,0.5
1631521954.081,18.88,0.5
1631521954.183,18.87,0.5
1631521954.285,18.85,0.5
1631521954.387,18.86,0.5
1631521954.489,18.86,0.5
1631521954.591,18.87,0.5
1631521954.693,18.88,0.5
1631521954.795,18.89,0.5
1631521954.897,18.85,0.5
1631521954.999,18.87,0.5
1631521955.101,18.91,0.5
1631521955.203,18.89,0.5
1631521955.305,18.87,0.5
1631521955.407,18.96,0.5
1631521955.509,18.96,0.5
1631521955.611,18.91,0.5
1631521955.713,19.01,0.5
1631521955.815,19.01,0.5
1631521955.917,19.03,0.5
1631521956.018,19.03,0.5
1631521956.12,19.05,0.5
1631521956.222,19.03,0.5
1631521956.324,18.99,0.5
1631521956.426,19.03,0.5
1631521956.528,19.06,0.5
1631521956.63,18.99,0.5
1631521956.732,19.06,0.5
1631521956.834,19.1,0.5
1631521956.936,19.09,0.5
1631521957.037,19.04,0.5
1631521957.139,19.07,0.5
1631521957.24,19.07,0.5
1631521957.342,19.1,0.5
1631521957.444,19.17,0.5
1631521957.546,19.1,0.5
1631521957.648,19.24,0.5
1631521957.75,19.16,0.5
1631521957.852,19.13,0.5
1631521957.953,19.18,0.5
1631521958.054,19.19,0.5
1631521958.155,19.19,0.5
1631521958.256,19.24,0.5
1631521958.357,19.19,0.5
1631521958.459,19.38,0.5
1631521958.561,19.28,0.5
1631521958.663,19.23,0.5
1631521958.765,19.24,0.5
1631521958.867,19.25,0.5
1631521958.969,19.23,0.5
1631521959.071,19.44,0.5
1631521959.173,19.44,0.5
1631521959.275,19.41,0.5
1631521959.377,19.37,0.5
1631521959.479,19.19,0.5
1631521959.581,19.14,0.5
1631521959.683,19.14,0.5
1631521959.785,19.32,0.5
1631521959.887,19.28,0.5
1631521959.989,19.35,0.5
1631521960.091,19.17,0.6
1631521960.193,19.31,0.6
1631521960.295,19.5,0.6
1631521960.397,19.58,0.6
1631521960.499,19.44,0.6
1631521960.601,19.56,0.6
1631521960.703,19.59,0.6
1631521960.805,19.52,0.6
1631521960.907,19.47,0.6
1631521961.008,19.56,0.6
1631521961.11,19.44,0.6
1631521961.212,19.44,0.6
1631521961.314,19.39,0.6
1631521961.416,19.32,0.6
1631521961.518,19.35,0.6
1631521961.62,19.24,0.6
1631521961.722,19.23,0.6
1631521961.824,19.23,0.6
1631521961.926,19.22,0.6
1631521962.028,19.2,0.6
1631521962.13,19.04,0.6
1631521962.232,18.99,0.6
1631521962.334,18.88,0.6
1631521962.436,18.8,0.6
1631521962.537,18.71,0.6
1631521962.638,18.73,0.6
1631521962.74,18.75,0.6
1631521962.842,18.57,0.6
1631521962.944,18.54,0.6
1631521963.046,18.48,0.6
1631521963.148,18.44,0.6
1631521963.25,18.41,0.6
1631521963.351,18.33,0.6
1631521963.452,18.22,0.6
1631521963.554,18.19,0.6
1631521963.657,18.15,0.6
1631521963.758,18.06,0.6
1631521963.859,18.02,0.6
1631521963.96,17.98,0.6
1631521964.061,17.91,0.6
1631521964.163,18.0,0.6
1631521964.265,17.88,0.6
1631521964.367,17.96,0.6
1631521964.469,17.89,0.6
1631521964.571,17.87,0.6
1631521964.673,17.88,0.6
1631521964.775,17.81,0.6
1631521964.877,17.79,0.6
1631521964.979,17.92,0.6
1631521965.081,17.8,0.6
1631521965.183,17.84,0.6
1631521965.285,17.73,0.6
1631521965.387,17.77,0.6
1631521965.489,17.79,0.6
1631521965.591,17.73,0.6
1631521965.693,17.83,0.6
1631521965.795,17.75,0.6
1631521965.897,17.72,0.6
1631521965.999,17.79,0.6
1631521966.1,17.74,0.6
1631521966.202,17.81,0.6
1631521966.304,17.73,0.6
1631521966.406,17.7,0.6
1631521966.508,17.68,0.6
1631521966.61,17.7,0.6
1631521966.712,17.71,0.6
1631521966.814,17.67,0.6
1631521966.916,17.67,0.6
1631521967.018,17.67,0.6
1631521967.12,17.76,0.6
1631521967.222,17.68,0.6
1631521967.324,17.67,0.6
1631521967.426,17.73,0.6
1631521967.528,17.7,0.6
1631521967.63,17.7,0.6
1631521967.732,17.76,0.6
1631521967.834,17.71,0.6
1631521967.937,17.78,0.6
1631521968.038,17.76,0.6
1631521968.14,17.81,0.6
1631521968.242,17.81,0.6
1631521968.344,17.78,0.6
1631521968.446,17.82,0.6
1631521968.548,17.83,0.6
1631521968.65,17.86,0.6
1631521968.751,17.9,0.6
1631521968.852,17.9,0.6
1631521968.954,17.89,0.6
1631521969.057,17.9,0.6
1631521969.158,17.85,0.6
1631521969.261,17.89,0.6
1631521969.363,17.93,0.6
1631521969.465,17.97,0.6
1631521969.567,17.92,0.6
1631521969.669,17.93,0.6
1631521969.771,17.96,0.6
1631521969.873,18.03,0.6
1631521969.975,18.0,0.6
1631521970.077,18.03,0.6
1631521970.179,18.0,0.6
1631521970.281,18.05,0.6
1631521970.383,17.96,0.6
1631521970.485,18.05,0.6
1631521970.587,18.07,0.6
1631521970.689,18.07,0.6
1631521970.791,18.08,0.6
1631521970.893,18.11,0.6
1631521970.995,18.09,0.6
1631521971.096,18.09,0.6
1631521971.198,18.08,0.6
1631521971.3,18.08,0.6
1631521971.402,18.05,0.6
1631521971.504,18.21,0.6
1631521971.606,18.15,0.6
1631521971.708,18.16,0.6
1631521971.81,18.23,0.6
1631521971.912,18.31,0.6
1631521972.014,18.25,0.6
1631521972.116,18.25,0.6
1631521972.218,18.29,0.6
1631521972.32,18.26,0.6
1631521972.422,18.26,0.6
1631521972.524,18.23,0.6
1631521972.626,18.36,0.6
1631521972.728,18.29,0.6
1631521972.83,18.41,0.6
1631521972.932,18.32,0.6
1631521973.035,18.41,0.6
1631521973.136,18.38,0.6
1631521973.238,18.37,0.6
1631521973.34,18.37,0.6
1631521973.442,18.34,0.6
1631521973.544,18.34,0.6
1631521973.646,18.47,0.6
1631521973.748,18.5,0.6
1631521973.851,18.45,0.6
1631521973.952,18.49,0.6
1631521974.053,18.55,0.6
1631521974.154,18.45,0.6
1631521974.257,18.46,0.6
1631521974.359,18.39,0.6
1631521974.461,18.47,0.6
1631521974.563,18.45,0.6
1631521974.665,18.45,0.6
1631521974.767,18.52,0.6
1631521974.869,18.48,0.6
1631521974.971,18.47,0.6
1631521975.073,18.51,0.6
1631521975.175,18.51,0.6
1631521975.277,18.54,0.6
1631521975.379,18.4,0.6
1631521975.481,18.34,0.6
1631521975.583,18.49,0.6
1631521975.685,18.5,0.6
1631521975.787,18.58,0.6
1631521975.889,18.59,0.6
1631521975.991,18.56,0.6
1631521976.092,18.51,0.6
1631521976.194,18.47,0.6
1631521976.296,18.48,0.6
1631521976.398,18.52,0.6
1631521976.5,18.38,0.6
1631521976.602,18.52,0.5
1631521976.704,18.57,0.5
1631521976.806,18.58,0.5
1631521976.908,18.46,0.5
1631521977.01,18.46,0.5
1631521977.112,18.44,0.5
1631521977.214,18.38,0.5
1631521977.316,18.27,0.5
1631521977.418,18.32,0.5
1631521977.52,18.49,0.5
1631521977.622,18.33,0.5
1631521977.724,18.45,0.5
1631521977.826,18.26,0.5
1631521977.928,18.21,0.5
1631521978.03,18.24,0.5
1631521978.131,18.24,0.5
1631521978.233,18.26,0.5
1631521978.334,18.31,0.5
1631521978.436,18.18,0.5
1631521978.539,18.08,0.5
1631521978.64,17.92,0.6
1631521978.742,17.97,0.6
1631521978.844,18.05,0.6
1631521978.946,18.11,0.6
1631521979.048,18.1,0.6
1631521979.15,18.1,0.6
1631521979.252,18.12,0.6
1631521979.355,18.07,0.6
1631521979.456,17.94,0.6
1631521979.558,18.05,0.6
1631521979.659,17.85,0.6
1631521979.761,17.86,0.6
1631521979.863,17.9,0.6
1631521979.965,17.87,0.6
1631521980.067,17.8,0.6
1631521980.169,17.85,0.6
1631521980.271,17.77,0.6
1631521980.373,17.72,0.6
1631521980.475,17.53,0.6
1631521980.577,17.69,0.6
1631521980.679,17.62,0.6
1631521980.781,17.61,0.6
1631521980.883,17.62,0.6
1631521980.985,17.38,0.6
1631521981.086,17.38,0.6
1631521981.188,17.51,0.6
1631521981.29,17.5,0.6
1631521981.392,17.54,0.6
1631521981.494,17.55,0.6
1631521981.596,17.41,0.6
1631521981.698,17.48,0.6
1631521981.8,17.56,0.6
1631521981.902,17.52,0.6
1631521982.004,17.67,0.6
1631521982.106,17.7,0.6
1631521982.208,17.83,0.6
1631521982.31,17.63,0.6
1631521982.412,17.65,0.6
1631521982.514,17.59,0.6
1631521982.616,17.57,0.6
1631521982.718,17.64,0.6
1631521982.82,17.67,0.6
1631521982.922,17.52,0.6
1631521983.024,17.61,0.6
1631521983.126,17.67,0.6
1631521983.228,17.69,0.6
1631521983.33,17.7,0.6
1631521983.433,17.78,0.6
1631521983.535,17.83,0.6
1631521983.636,17.81,0.6
1631521983.738,17.88,0.6
1631521983.84,17.82,0.6
1631521983.942,17.85,0.6
1631521984.044,17.79,0.6
1631521984.146,17.92,0.6
1631521984.247,17.95,0.6
1631521984.348,17.92,0.6
1631521984.45,17.99,0.6
1631521984.553,18.05,0.6
1631521984.654,17.91,0.6
1631521984.756,18.04,0.6
1631521984.857,17.92,0.6
1631521984.958,17.98,0.6
1631521985.061,17.88,0.6
1631521985.163,17.86,0.6
1631521985.265,18.06,0.5
1631521985.367,17.99,0.5
1631521985.469,18.1,0.5
1631521985.571,18.21,0.5
1631521985.673,18.29,0.5
1631521985.775,18.23,0.5
1631521985.877,18.25,0.5
1631521985.979,18.35,0.5
1631521986.08,18.4,0.5
1631521986.182,18.41,0.5
1631521986.284,18.54,0.5
1631521986.386,18.51,0.5
1631521986.488,18.51,0.5
1631521986.59,18.61,0.5
1631521986.692,18.72,0.5
1631521986.794,18.69,0.5
1631521986.896,18.77,0.5
1631521986.998,18.74,0.5
1631521987.1,18.76,0.5
1631521987.202,18.74,0.5
1631521987.304,18.72,0.5
1631521987.406,18.73,0.5
1631521987.508,18.79,0.5
1631521987.61,18.83,0.5
1631521987.712,18.8,0.5
1631521987.814,18.82,0.5
1631521987.916,18.88,0.5
1631521988.018,18.82,0.5
1631521988.12,18.8,0.5
1631521988.222,18.81,0.5
1631521988.324,18.82,0.5
1631521988.426,18.72,0.5
1631521988.529,18.77,0.5
1631521988.63,18.75,0.5
1631521988.731,18.74,0.5
1631521988.833,18.68,0.5
1631521988.934,18.67,0.5
1631521989.036,18.66,0.5
1631521989.139,18.68,0.5
1631521989.24,18.82,0.5
1631521989.342,18.51,0.5
1631521989.444,18.46,0.5
1631521989.546,18.51,0.5
1631521989.648,18.59,0.5
1631521989.75,18.7,0.5
1631521989.853,18.68,0.5
1631521989.955,18.66,0.5
1631521990.057,18.58,0.5
1631521990.159,18.56,0.5
1631521990.261,18.5,0.5
1631521990.363,18.55,0.5
1631521990.465,18.67,0.5
1631521990.567,18.56,0.5
1631521990.669,18.64,0.5
1631521990.771,18.62,0.5
1631521990.873,18.59,0.5
1631521990.975,18.59,0.5
1631521991.076,18.59,0.5
1631521991.178,18.62,0.5
1631521991.28,18.62,0.5
1631521991.382,18.58,0.5
1631521991.484,18.65,0.5
1631521991.586,18.61,0.5
1631521991.688,18.71,0.5
1631521991.79,18.63,0.5
1631521991.892,18.65,0.5
1631521991.994,18.6,0.5
1631521992.096,18.59,0.5
1631521992.198,18.62,0.5
1631521992.3,18.62,0.5
1631521992.402,18.65,0.5
1631521992.504,18.69,0.5
1631521992.606,18.72,0.5
1631521992.708,18.73,0.5
1631521992.81,18.71,0.5
1631521992.912,18.69,0.5
1631521993.014,18.77,0.5
1631521993.116,18.68,0.5
1631521993.218,18.75,0.5
1631521993.32,18.74,0.5
1631521993.422,18.76,0.5
1631521993.524,18.75,0.5
1631521993.626,18.76,0.5
1631521993.728,18.81,0.5
1631521993.829,18.82,0.5
1631521993.931,18.81,0.5
1631521994.032,18.84,0.5
1631521994.134,18.84,0.5
1631521994.237,18.88,0.5
1631521994.338,18.83,0.5
1631521994.44,18.87,0.5
1631521994.541,18.89,0.5
1631521994.642,18.88,0.5
1631521994.743,18.88,0.5
1631521994.845,18.79,0.5
1631521994.947,18.83,0.5
1631521995.049,18.79,0.5
1631521995.151,18.71,0.5
1631521995.253,18.7,0.5
1631521995.355,18.59,0.5
1631521995.457,18.42,0.5
1631521995.559,18.51,0.5
1631521995.661,18.45,0.5
1631521995.763,18.54,0.5
1631521995.865,18.61,0.5
1631521995.967,18.59,0.5
1631521996.068,18.58,0.5
1631521996.17,18.61,0.5
1631521996.272,18.56,0.5
1631521996.374,18.58,0.5
1631521996.476,18.43,0.5
1631521996.578,18.51,0.5
1631521996.68,18.62,0.5
1631521996.782,18.59,0.5
1631521996.884,18.67,0.5
1631521996.986,18.67,0.5
1631521997.088,18.65,0.5
1631521997.19,18.58,0.5
1631521997.292,18.53,0.5
1631521997.394,18.58,0.5
1631521997.496,18.63,0.5
1631521997.598,18.61,0.5
1631521997.7,18.62,0.5
1631521997.802,18.61,0.5
1631521997.904,18.55,0.5
1631521998.006,18.64,0.5
1631521998.108,18.65,0.5
1631521998.21,18.58,0.5
1631521998.312,18.49,0.5
1631521998.414,18.59,0.5
1631521998.516,18.53,0.5
1631521998.618,18.56,0.5
1631521998.72,18.58,0.5
1631521998.822,18.61,0.5
1631521998.924,18.61,0.5
1631521999.026,18.65,0.5
1631521999.127,18.57,0.5
1631521999.229,18.63,0.5
1631521999.33,18.59,0.5
1631521999.432,18.5,0.5
1631521999.534,18.5,0.5
1631521999.637,18.7,0.5
1631521999.739,18.68,0.5
1631521999.84,18.71,0.5
1631521999.943,18.71,0.5
1631522000.045,18.65,0.5
1631522000.147,18.63,0.5
1631522000.249,18.56,0.5
1631522000.351,18.57,0.5
1631522000.453,18.57,0.5
1631522000.555,18.51,0.5
1631522000.657,18.31,0.6
1631522000.759,18.38,0.6
1631522000.861,18.4,0.6
1631522000.963,18.53,0.6
1631522001.064,18.37,0.6
1631522001.166,18.52,0.6
1631522001.268,18.71,0.6
1631522001.37,18.82,0.6
1631522001.472,18.66,0.6
1631522001.574,18.52,0.6
1631522001.676,18.33,0.6
1631522001.778,18.49,0.6
1631522001.88,18.49,0.6
1631522001.982,18.57,0.6
1631522002.084,18.63,0.6
1631522002.186,18.66,0.6
1631522002.288,18.64,0.6
1631522002.39,18.69,0.6
1631522002.492,18.72,0.6
1631522002.594,18.75,0.6
1631522002.696,18.64,0.6
1631522002.798,18.61,0.6
1631522002.9,18.66,0.6
1631522003.002,18.68,0.6
1631522003.104,18.77,0.6
1631522003.206,18.72,0.6
1631522003.308,18.67,0.6
1631522003.41,18.65,0.6
1631522003.512,18.63,0.6
1631522003.614,18.69,0.6
1631522003.716,18.67,0.6
1631522003.818,18.69,0.6
1631522003.92,18.62,0.6
1631522004.022,18.63,0.6
1631522004.124,18.71,0.6
1631522004.225,18.67,0.6
1631522004.326,18.65,0.6
1631522004.427,18.63,0.6
1631522004.528,18.58,0.6
1631522004.629,18.59,0.6
1631522004.73,18.6,0.6
1631522004.832,18.63,0.6
1631522004.935,18.62,0.6
1631522005.037,18.56,0.6
1631522005.139,18.41,0.6
1631522005.241,18.48,0.6
1631522005.343,18.34,0.6
1631522005.445,18.42,0.6
1631522005.547,18.38,0.6
1631522005.649,18.39,0.6
1631522005.751,18.34,0.6
1631522005.853,18.09,0.6
1631522005.955,18.07,0.6
1631522006.056,17.82,0.6
1631522006.158,17.81,0.6
1631522006.26,17.71,0.6
1631522006.362,17.82,0.6
1631522006.464,17.84,0.6
1631522006.566,17.94,0.6
1631522006.668,18.03,0.6
1631522006.77,17.96,0.6
1631522006.872,18.13,0.6
1631522006.974,17.94,0.6
1631522007.076,18.11,0.6
1631522007.178,18.07,0.6
1631522007.28,18.1,0.6
1631522007.382,17.92,0.6
1631522007.484,18.12,0.6
1631522007.586,18.08,0.6
1631522007.688,18.07,0.6
1631522007.79,18.06,0.6
1631522007.892,17.99,0.6
1631522007.994,18.14,0.6
1631522008.096,18.1,0.6
1631522008.198,18.21,0.6
1631522008.3,18.27,0.6
1631522008.402,18.22,0.6
1631522008.504,18.26,0.6
1631522008.606,18.29,0.6
1631522008.708,18.27,0.6
1631522008.81,18.33,0.6
1631522008.912,18.24,0.6
1631522009.014,18.27,0.6
1631522009.117,18.3,0.6
1631522009.218,18.38,0.6
1631522009.32,18.43,0.6
1631522009.422,18.43,0.6
1631522009.524,18.45,0.6
1631522009.626,18.39,0.6
1631522009.729,18.51,0.6
1631522009.83,18.54,0.6
1631522009.933,18.6,0.6
1631522010.035,18.59,0.6
1631522010.137,18.62,0.6
1631522010.239,18.62,0.6
1631522010.341,18.59,0.6
1631522010.443,18.64,0.6
1631522010.545,18.66,0.6
1631522010.647,18.73,0.6
1631522010.749,18.79,0.6
1631522010.851,18.75,0.6
1631522010.953,18.79,0.6
1631522011.054,18.79,0.6
1631522011.156,18.79,0.6
1631522011.258,18.85,0.6
1631522011.36,18.84,0.6
1631522011.462,18.86,0.6
1631522011.564,18.86,0.6
1631522011.666,18.94,0.6
1631522011.768,18.9,0.6
1631522011.87,18.95,0.6
1631522011.972,18.98,0.6
1631522012.074,18.98,0.6
1631522012.176,18.97,0.6
1631522012.278,18.99,0.6
1631522012.38,18.91,0.6
1631522012.482,18.98,0.6
1631522012.584,18.95,0.6
1631522012.686,18.99,0.6
1631522012.788,18.91,0.6
1631522012.89,18.95,0.6
1631522012.992,18.89,0.6
1631522013.094,18.96,0.6
1631522013.196,18.98,0.6
1631522013.298,19.01,0.6
1631522013.4,18.95,0.6
1631522013.502,18.95,0.6
1631522013.604,18.94,0.6
1631522013.706,18.97,0.6
1631522013.808,18.99,0.6
1631522013.91,18.97,0.6
1631522014.012,18.95,0.6
1631522014.114,18.96,0.6
1631522014.215,18.98,0.6
1631522014.316,18.93,0.6
1631522014.418,18.99,0.6
1631522014.52,18.89,0.6
1631522014.622,18.92,0.6
1631522014.725,18.9,0.6
1631522014.827,18.9,0.6
1631522014.929,18.97,0.6
1631522015.031,18.88,0.6
1631522015.133,18.92,0.6
1631522015.235,18.91,0.6
1631522015.337,18.93,0.6
1631522015.439,18.85,0.6
1631522015.541,18.87,0.6
1631522015.643,18.9,0.6
1631522015.745,18.88,0.6
1631522015.847,18.95,0.6
1631522015.949,18.85,0.6
1631522016.05,18.92,0.6
1631522016.152,18.88,0.6
1631522016.254,18.87,0.6
1631522016.356,18.86,0.6
1631522016.458,18.86,0.6
1631522016.56,18.91,0.6
1631522016.662,18.86,0.6
1631522016.764,18.88,0.6
1631522016.866,18.88,0.6
1631522016.968,18.9,0.6
1631522017.07,18.83,0.6
1631522017.172,18.92,0.6
1631522017.274,18.84,0.6
1631522017.376,18.88,0.6
1631522017.478,18.81,0.6
1631522017.58,18.79,0.6
1631522017.682,18.86,0.6
1631522017.784,18.75,0.6
1631522017.886,18.8,0.6
1631522017.988,18.73,0.6
1631522018.09,18.73,0.6
1631522018.192,18.74,0.6
1631522018.294,18.67,0.6
1631522018.396,18.67,0.6
1631522018.498,18.68,0.6
1631522018.6,18.71,0.6
1631522018.702,18.61,0.6
1631522018.804,18.59,0.6
1631522018.906,18.55,0.6
1631522019.008,18.64,0.6
1631522019.109,18.54,0.6
1631522019.21,18.64,0.6
1631522019.312,18.74,0.6
1631522019.414,18.76,0.6
1631522019.516,18.79,0.6
1631522019.618,18.79,0.6
1631522019.721,18.65,0.6
1631522019.823,18.77,0.6
1631522019.925,18.86,0.6
1631522020.027,18.76,0.6
1631522020.129,18.84,0.6
1631522020.231,18.74,0.6
1631522020.333,18.76,0.6
1631522020.435,18.87,0.6
1631522020.537,18.77,0.6
1631522020.639,18.83,0.6
1631522020.741,18.91,0.6
1631522020.843,18.84,0.6
1631522020.945,18.85,0.6
1631522021.046,18.94,0.6
1631522021.148,18.82,0.6
1631522021.25,18.92,0.6
1631522021.352,18.94,0.6
1631522021.454,18.97,0.6
1631522021.556,18.97,0.6
1631522021.658,18.91,0.6
1631522021.76,18.83,0.6
1631522021.862,18.72,0.6
1631522021.964,18.75,0.6
1631522022.066,19.16,0.6
1631522022.168,19.1,0.6
1631522022.27,19.25,0.6
1631522022.372,19.06,0.6
1631522022.474,19.12,0.6
1631522022.576,19.1,0.6
1631522022.678,19.08,0.6
1631522022.78,19.2,0.6
1631522022.882,19.17,0.6
1631522022.984,19.23,0.6
1631522023.086,19.21,0.6
1631522023.188,19.14,0.6
1631522023.29,19.2,0.6
1631522023.392,19.17,0.6
1631522023.494,19.2,0.6
1631522023.596,19.24,0.6
1631522023.698,19.27,0.6
1631522023.8,19.24,0.6
1631522023.902,19.3,0.6
1631522024.004,19.3,0.6
1631522024.105,19.27,0.6
1631522024.207,19.32,0.6
1631522024.308,19.25,0.6
1631522024.409,19.35,0.6
1631522024.511,19.31,0.6
1631522024.613,19.36,0.6
1631522024.715,19.38,0.6
1631522024.817,19.41,0.6
1631522024.919,19.34,0.6
1631522025.021,19.42,0.6
1631522025.123,19.42,0.6
1631522025.225,19.39,0.6
1631522025.327,19.45,0.6
1631522025.429,19.44,0.6
1631522025.531,19.41,0.6
1631522025.633,19.41,0.6
1631522025.735,19.45,0.6
1631522025.837,19.45,0.6
1631522025.939,19.41,0.6
1631522026.04,19.43,0.6
1631522026.142,19.45,0.6
1631522026.244,19.44,0.6
1631522026.346,19.5,0.6
1631522026.448,19.42,0.6
1631522026.55,19.46,0.6
1631522026.652,19.47,0.6
1631522026.754,19.44,0.6
1631522026.856,19.41,0.6
1631522026.958,19.39,0.6
1631522027.06,19.38,0.6
1631522027.162,19.42,0.6
1631522027.264,19.34,0.6
1631522027.366,19.36,0.6
1631522027.468,19.35,0.6
1631522027.57,19.33,0.6
1631522027.672,19.32,0.6
1631522027.774,19.3,0.6
1631522027.876,19.29,0.6
1631522027.978,19.25,0.6
1631522028.08,19.25,0.6
1631522028.182,19.24,0.6
1631522028.284,19.2,0.6
1631522028.386,19.24,0.6
1631522028.489,19.22,0.6
1631522028.59,19.21,0.6
1631522028.692,19.21,0.6
1631522028.794,19.23,0.6
1631522028.896,19.12,0.6
1631522028.998,19.13,0.6
1631522029.1,19.2,0.6
1631522029.203,19.16,0.6
1631522029.304,19.15,0.6
1631522029.406,19.17,0.6
1631522029.509,19.14,0.6
1631522029.611,19.13,0.6
1631522029.713,19.17,0.6
1631522029.815,19.13,0.6
1631522029.917,19.13,0.6
1631522030.019,19.15,0.6
1631522030.121,19.17,0.6
1631522030.223,19.14,0.6
1631522030.325,19.08,0.6
1631522030.427,19.0,0.6
1631522030.529,19.11,0.6
1631522030.631,19.04,0.6
1631522030.733,19.06,0.6
1631522030.835,19.1,0.6
1631522030.937,18.98,0.6
1631522031.038,19.02,0.6
1631522031.14,18.94,0.6
1631522031.242,19.0,0.6
1631522031.344,18.93,0.6
1631522031.446,18.97,0.6
1631522031.548,18.98,0.6
1631522031.65,18.97,0.6
1631522031.752,18.94,0.6
1631522031.854,19.0,0.6
1631522031.956,18.92,0.6
1631522032.058,18.92,0.6
1631522032.16,18.95,0.6
1631522032.262,18.9,0.6
1631522032.364,18.96,0.6
1631522032.466,18.92,0.6
1631522032.568,18.88,0.6
1631522032.67,18.88,0.6
1631522032.772,18.93,0.6
1631522032.874,18.87,0.6
1631522032.976,18.91,0.6
1631522033.078,18.92,0.6
1631522033.18,18.89,0.6
1631522033.282,18.84,0.6
1631522033.384,18.92,0.6
1631522033.486,18.82,0.6
1631522033.588,18.89,0.6
1631522033.689,18.87,0.6
1631522033.79,18.87,0.6
1631522033.892,18.83,0.6
1631522033.994,18.84,0.6
1631522034.096,18.8,0.6
1631522034.199,18.83,0.6
1631522034.3,18.83,0.6
1631522034.402,18.75,0.6
1631522034.505,18.81,0.6
1631522034.607,18.79,0.6
1631522034.709,18.75,0.6
1631522034.811,18.78,0.6
1631522034.913,18.78,0.6
1631522035.015,18.75,0.6
1631522035.117,18.75,0.6
1631522035.219,18.76,0.6
1631522035.321,18.68,0.6
1631522035.423,18.75,0.6
1631522035.525,18.69,0.6
1631522035.627,18.76,0.6
1631522035.729,18.69,0.6
1631522035.831,18.7,0.6
1631522035.933,18.66,0.6
1631522036.034,18.74,0.6
1631522036.136,18.66,0.6
1631522036.238,18.68,0.6
1631522036.34,18.69,0.6
1631522036.442,18.72,0.6
1631522036.544,18.68,0.6
1631522036.646,18.68,0.6
1631522036.748,18.75,0.6
1631522036.85,18.62,0.6
1631522036.952,18.68,0.6
1631522037.054,18.69,0.6
1631522037.156,18.65,0.6
1631522037.258,18.65,0.6
1631522037.36,18.68,0.6
1631522037.462,18.66,0.6
1631522037.564,18.58,0.6
1631522037.666,18.67,0.6
1631522037.768,18.6,0.6
1631522037.87,18.65,0.6
1631522037.972,18.6,0.6
1631522038.074,18.65,0.6
1631522038.176,18.63,0.6
1631522038.278,18.64,0.6
1631522038.38,18.7,0.6
1631522038.482,18.7,0.6
1631522038.585,18.67,0.6
1631522038.686,18.64,0.6
1631522038.788,18.65,0.6
1631522038.89,18.64,0.6
1631522038.992,18.69,0.6
1631522039.094,18.75,0.6
1631522039.196,18.73,0.6
1631522039.299,18.73,0.6
1631522039.4,18.76,0.6
1631522039.501,18.75,0.6
1631522039.602,18.77,0.6
1631522039.705,18.81,0.6
1631522039.807,18.76,0.6
1631522039.909,18.89,0.6
1631522040.011,18.83,0.6
1631522040.113,18.87,0.6
1631522040.215,18.85,0.6
1631522040.317,18.88,0.6
1631522040.419,18.96,0.6
1631522040.521,18.88,0.6
1631522040.623,18.97,0.6
1631522040.725,18.98,0.6
1631522040.827,18.96,0.6
1631522040.929,18.96,0.6
1631522041.03,18.99,0.6
1631522041.132,19.01,0.6
1631522041.234,18.98,0.6
1631522041.336,18.92,0.6
1631522041.438,18.95,0.6
1631522041.54,18.98,0.6
1631522041.642,18.9,0.6
1631522041.744,18.97,0.6
1631522041.846,18.86,0.6
1631522041.948,18.88,0.6
1631522042.05,18.86,0.6
1631522042.152,18.9,0.6
1631522042.254,18.78,0.6
1631522042.356,18.79,0.6
1631522042.458,18.85,0.6
1631522042.56,18.8,0.6
1631522042.662,18.84,0.6
1631522042.764,18.87,0.6
1631522042.866,18.87,0.6
1631522042.968,18.88,0.6
1631522043.07,18.84,0.6
1631522043.172,18.82,0.6
1631522043.274,18.77,0.6
1631522043.376,18.78,0.6
1631522043.478,18.77,0.6
1631522043.58,18.82,0.6
1631522043.681,18.78,0.6
1631522043.782,18.73,0.6
1631522043.884,18.81,0.6
1631522043.987,18.82,0.6
1631522044.088,18.84,0.6
1631522044.189,18.79,0.6
1631522044.29,18.82,0.6
1631522044.391,18.81,0.6
1631522044.493,18.82,0.6
1631522044.595,18.81,0.6
1631522044.697,18.84,0.6
1631522044.799,18.87,0.6
1631522044.901,18.88,0.6
1631522045.003,18.9,0.6
1631522045.105,18.82,0.6
1631522045.207,18.94,0.6
1631522045.309,18.88,0.6
1631522045.411,18.9,0.6
1631522045.513,18.91,0.6
1631522045.615,18.9,0.6
1631522045.717,18.88,0.6
1631522045.819,18.94,0.6
1631522045.921,18.97,0.6
1631522046.022,18.84,0.6
1631522046.124,18.85,0.6
1631522046.226,18.93,0.6
1631522046.328,18.96,0.6
1631522046.43,18.96,0.6
1631522046.532,18.99,0.6
1631522046.634,19.0,0.6
1631522046.736,19.02,0.6
1631522046.838,18.91,0.6
1631522046.94,19.02,0.5
1631522047.042,19.05,0.5
1631522047.144,19.03,0.5
1631522047.246,18.9,0.5
1631522047.348,18.89,0.5
1631522047.45,18.96,0.5
1631522047.552,19.11,0.5
1631522047.654,18.97,0.5
1631522047.756,18.97,0.5
1631522047.858,18.88,0.5
1631522047.96,18.89,0.5
1631522048.062,18.9,0.5
1631522048.164,18.99,0.5
1631522048.266,18.91,0.5
1631522048.368,19.01,0.5
1631522048.47,19.03,0.5
1631522048.573,19.05,0.5
1631522048.674,18.99,0.5
1631522048.776,18.76,0.5
1631522048.878,18.87,0.5
1631522048.98,19.01,0.5
1631522049.082,19.07,0.5
1631522049.184,18.99,0.5
1631522049.286,18.91,0.5
1631522049.387,18.87,0.5
1631522049.488,18.91,0.5
1631522049.591,18.99,0.5
1631522049.693,18.98,0.5
1631522049.795,18.9,0.5
1631522049.897,18.86,0.5
1631522049.999,18.87,0.5
1631522050.101,18.89,0.5
1631522050.203,18.91,0.5
1631522050.305,18.87,0.5
1631522050.407,18.81,0.5
1631522050.509,18.76,0.5
1631522050.611,18.86,0.5
1631522050.713,18.91,0.5
1631522050.815,18.8,0.5
1631522050.917,18.73,0.5
1631522051.018,18.88,0.5
1631522051.119,18.77,0.5
1631522051.22,18.73,0.5
1631522051.322,18.73,0.5
1631522051.424,18.73,0.5
1631522051.526,18.69,0.5
1631522051.628,18.79,0.5
1631522051.73,18.72,0.5
1631522051.832,18.78,0.5
1631522051.934,18.72,0.5
1631522052.036,18.81,0.5
1631522052.138,18.79,0.5
1631522052.24,18.79,0.5
1631522052.342,18.79,0.5
1631522052.444,18.74,0.5
1631522052.546,18.71,0.5
1631522052.648,18.74,0.5
1631522052.75,18.69,0.5
1631522052.852,18.69,0.5
1631522052.954,18.73,0.5
1631522053.056,18.65,0.5
1631522053.158,18.75,0.5
1631522053.26,18.65,0.5
1631522053.362,18.75,0.5
1631522053.464,18.68,0.5
1631522053.566,18.7,0.5
1631522053.668,18.68,0.5
1631522053.77,18.72,0.5
1631522053.872,18.75,0.5
1631522053.973,18.73,0.5
1631522054.074,18.72,0.5
1631522054.176,18.71,0.5
1631522054.278,18.71,0.5
1631522054.381,18.7,0.5
1631522054.482,18.71,0.5
1631522054.583,18.74,0.5
1631522054.685,18.82,0.5
1631522054.787,18.78,0.5
1631522054.889,18.86,0.5
1631522054.991,18.79,0.5
1631522055.093,18.82,0.5
1631522055.195,18.92,0.5
1631522055.297,18.91,0.5
1631522055.399,18.88,0.5
1631522055.501,18.94,0.5
1631522055.603,18.95,0.5
1631522055.705,19.05,0.5
1631522055.807,19.02,0.5
1631522055.909,19.1,0.5
1631522056.01,19.08,0.5
1631522056.112,19.17,0.5
1631522056.214,19.22,0.5
1631522056.316,19.23,0.5
1631522056.418,19.23,0.5
1631522056.521,19.22,0.5
1631522056.622,19.15,0.5
1631522056.724,19.11,0.5
1631522056.826,19.04,0.5
1631522056.928,19.01,0.5
1631522057.03,18.9,0.5
1631522057.132,18.96,0.5
1631522057.234,18.87,0.5
1631522057.336,18.76,0.5
1631522057.438,18.8,0.5
1631522057.54,18.67,0.5
1631522057.642,18.73,0.5
1631522057.744,18.7,0.5
1631522057.846,18.67,0.5
1631522057.948,18.66,0.5
1631522058.05,18.61,0.5
1631522058.152,18.61,0.5
1631522058.254,18.57,0.5
1631522058.356,18.63,0.5
1631522058.458,18.61,0.5
1631522058.56,18.56,0.5
1631522058.662,18.54,0.5
1631522058.764,18.57,0.5
1631522058.866,18.57,0.5
1631522058.968,18.58,0.5
1631522059.069,18.59,0.5
1631522059.17,18.5,0.5
1631522059.272,18.6,0.5
1631522059.374,18.59,0.5
1631522059.476,18.62,0.5
1631522059.577,18.6,0.5
1631522059.678,18.56,0.5
1631522059.779,18.64,0.5
1631522059.881,18.66,0.5
1631522059.983,18.67,0.5
1631522060.085,18.67,0.5
1631522060.187,18.7,0.5
1631522060.289,18.67,0.5
1631522060.391,18.72,0.5
1631522060.493,18.73,0.5
1631522060.595,18.73,0.5
1631522060.697,18.8,0.5
1631522060.799,18.8,0.5
1631522060.901,18.78,0.5
1631522061.002,18.76,0.5
1631522061.104,18.79,0.5
1631522061.206,18.79,0.5
1631522061.308,18.81,0.5
1631522061.41,18.75,0.5
1631522061.512,18.73,0.5
1631522061.614,18.71,0.5
1631522061.716,18.63,0.5
1631522061.818,18.57,0.5
1631522061.92,18.45,0.5
1631522062.022,18.45,0.5
1631522062.124,18.48,0.5
1631522062.226,18.43,0.5
1631522062.328,18.46,0.5
1631522062.43,18.38,0.5
1631522062.532,18.29,0.5
1631522062.634,18.23,0.5
1631522062.736,18.16,0.5
1631522062.838,18.18,0.5
1631522062.94,18.16,0.5
1631522063.042,18.12,0.5
1631522063.144,18.01,0.5
1631522063.246,18.07,0.5
1631522063.348,17.97,0.5
1631522063.45,17.92,0.5
1631522063.552,17.84,0.5
1631522063.654,17.8,0.5
1631522063.756,17.76,0.5
1631522063.858,17.76,0.5
1631522063.96,17.66,0.5
1631522064.062,17.62,0.5
1631522064.164,17.54,0.5
1631522064.266,17.51,0.5
1631522064.368,17.53,0.5
1631522064.47,17.53,0.5
1631522064.572,17.39,0.5
1631522064.674,17.2,0.5
1631522064.775,17.25,0.5
1631522064.876,17.25,0.5
1631522064.977,17.23,0.5
1631522065.078,17.24,0.5
1631522065.18,17.28,0.5
1631522065.283,17.2,0.5
1631522065.385,17.07,0.5
1631522065.487,17.01,0.5
1631522065.589,16.93,0.5
1631522065.691,17.03,0.5
1631522065.793,17.09,0.5
1631522065.895,16.97,0.5
1631522065.997,16.88,0.5
1631522066.098,16.86,0.5
1631522066.2,16.82,0.5
1631522066.302,16.87,0.5
1631522066.404,16.83,0.5
1631522066.506,16.73,0.5
1631522066.608,16.85,0.5
1631522066.71,16.76,0.5
1631522066.812,16.86,0.5
1631522066.914,16.85,0.5
1631522067.016,16.78,0.5
1631522067.118,16.79,0.5
1631522067.22,16.78,0.5
1631522067.322,16.8,0.5
1631522067.424,16.72,0.5
1631522067.526,16.81,0.5
1631522067.628,16.77,0.5
1631522067.73,16.76,0.5
1631522067.832,16.91,0.5
1631522067.934,16.83,0.5
1631522068.036,16.86,0.5
1631522068.138,16.89,0.5
1631522068.24,16.8,0.5
1631522068.342,16.9,0.5
1631522068.444,16.97,0.5
1631522068.546,17.0,0.5
1631522068.648,17.09,0.5
1631522068.75,17.16,0.5
1631522068.852,17.14,0.5
1631522068.954,17.25,0.5
1631522069.056,17.26,0.5
1631522069.158,17.17,0.5
1631522069.26,17.26,0.5
1631522069.361,17.24,0.5
1631522069.462,17.28,0.5
1631522069.564,17.31,0.5
1631522069.666,17.39,0.5
1631522069.769,17.42,0.6
1631522069.87,17.43,0.6
1631522069.972,17.44,0.6
1631522070.074,17.36,0.6
1631522070.175,17.53,0.6
1631522070.276,17.39,0.6
1631522070.379,17.21,0.6
1631522070.481,17.32,0.6
1631522070.583,17.24,0.6
1631522070.685,17.19,0.6
1631522070.787,17.27,0.6
1631522070.889,17.22,0.6
1631522070.991,17.22,0.6
1631522071.092,17.08,0.6
1631522071.194,17.2,0.6
1631522071.296,17.1,0.6
1631522071.398,17.08,0.6
1631522071.5,17.19,0.6
1631522071.602,17.06,0.6
1631522071.704,17.05,0.6
1631522071.806,17.1,0.6
1631522071.908,17.06,0.6
1631522072.01,17.0,0.6
1631522072.112,17.01,0.6
1631522072.214,16.94,0.6
1631522072.316,16.84,0.6
1631522072.418,16.83,0.6
1631522072.52,16.94,0.6
1631522072.622,17.01,0.6
1631522072.724,16.89,0.6
1631522072.826,16.82,0.6
1631522072.928,16.72,0.6
1631522073.03,16.69,0.6
1631522073.132,16.8,0.6
1631522073.234,16.78,0.6
1631522073.336,16.79,0.6
1631522073.438,16.77,0.6
1631522073.54,16.8,0.6
1631522073.642,16.87,0.6
1631522073.744,16.82,0.6
1631522073.846,16.8,0.6
1631522073.948,16.88,0.6
1631522074.05,16.89,0.6
1631522074.152,16.79,0.6
1631522074.254,16.72,0.6
1631522074.356,16.81,0.6
1631522074.458,16.84,0.6
1631522074.56,16.84,0.6
1631522074.662,16.85,0.6
1631522074.764,16.77,0.6
1631522074.866,16.83,0.6
1631522074.968,16.82,0.6
1631522075.069,16.82,0.6
1631522075.17,16.86,0.6
1631522075.273,16.87,0.6
1631522075.374,16.99,0.6
1631522075.477,17.01,0.6
1631522075.579,16.84,0.6
1631522075.681,16.98,0.6
1631522075.783,17.02,0.6
1631522075.885,16.98,0.6
1631522075.987,16.94,0.6
1631522076.088,16.92,0.6
1631522076.19,16.96,0.6
1631522076.292,17.0,0.6
1631522076.394,17.01,0.6
1631522076.496,16.94,0.6
1631522076.598,16.97,0.6
1631522076.7,17.02,0.6
1631522076.802,16.89,0.6
1631522076.904,17.01,0.6
1631522077.006,17.03,0.6
1631522077.108,17.01,0.6
1631522077.21,17.16,0.6
1631522077.312,17.18,0.6
1631522077.414,17.17,0.6
1631522077.516,17.07,0.6
1631522077.618,17.18,0.6
1631522077.72,17.19,0.6
1631522077.822,17.16,0.6
1631522077.924,17.22,0.6
1631522078.026,17.22,0.6
1631522078.128,17.23,0.6
1631522078.23,17.19,0.6
1631522078.332,17.3,0.6
1631522078.434,17.23,0.6
1631522078.536,17.3,0.6
1631522078.638,17.25,0.6
1631522078.74,17.29,0.6
1631522078.842,17.31,0.6
1631522078.944,17.35,0.6
1631522079.046,17.37,0.6
1631522079.148,17.39,0.6
1631522079.25,17.36,0.6
1631522079.352,17.44,0.6
1631522079.454,17.51,0.6
1631522079.556,17.48,0.6
1631522079.658,17.42,0.6
1631522079.76,17.51,0.6
1631522079.862,17.5,0.6
1631522079.964,17.49,0.6
1631522080.066,17.53,0.6
1631522080.168,17.58,0.6
1631522080.27,17.55,0.6
1631522080.372,17.59,0.6
1631522080.473,17.64,0.6
1631522080.574,17.59,0.6
1631522080.676,17.63,0.6
1631522080.779,17.62,0.6
1631522080.881,17.62,0.6
1631522080.983,17.69,0.6
1631522081.084,17.66,0.6
1631522081.186,17.65,0.6
1631522081.288,17.72,0.6
1631522081.39,17.59,0.6
1631522081.492,17.74,0.6
1631522081.594,17.77,0.6
1631522081.696,17.68,0.6
1631522081.798,17.77,0.6
1631522081.9,17.73,0.6
1631522082.002,17.74,0.6
1631522082.104,17.74,0.6
1631522082.206,17.74,0.6
1631522082.308,17.9,0.6
1631522082.41,17.88,0.6
1631522082.512,17.87,0.6
1631522082.614,17.87,0.6
1631522082.715,17.9,0.6
1631522082.816,17.92,0.6
1631522082.918,17.93,0.6
1631522083.02,17.83,0.6
1631522083.122,17.9,0.6
1631522083.224,17.9,0.6
1631522083.326,18.01,0.6
1631522083.428,17.88,0.6
1631522083.53,18.03,0.6
1631522083.632,18.02,0.6
1631522083.734,17.99,0.6
1631522083.836,18.02,0.6
1631522083.938,18.03,0.6
1631522084.04,18.06,0.6
1631522084.142,18.05,0.6
1631522084.244,18.13,0.6
1631522084.346,18.11,0.6
1631522084.448,18.05,0.6
1631522084.55,18.13,0.6
1631522084.652,18.16,0.6
1631522084.753,18.14,0.6
1631522084.854,18.11,0.6
1631522084.956,18.19,0.6
1631522085.059,18.17,0.6
1631522085.16,18.13,0.6
1631522085.262,18.17,0.6
1631522085.364,18.19,0.6
1631522085.465,18.25,0.6
1631522085.566,18.25,0.6
1631522085.667,18.23,0.6
1631522085.769,18.26,0.6
1631522085.871,18.3,0.6
1631522085.973,18.3,0.6
1631522086.074,18.29,0.6
1631522086.176,18.23,0.6
1631522086.278,18.32,0.6
1631522086.38,18.38,0.6
1631522086.482,18.39,0.6
1631522086.584,18.43,0.6
1631522086.686,18.37,0.6
1631522086.788,18.37,0.6
1631522086.89,18.5,0.6
1631522086.992,18.35,0.6
1631522087.094,18.44,0.6
1631522087.196,18.38,0.6
1631522087.298,18.4,0.6
1631522087.4,18.43,0.6
1631522087.502,18.4,0.6
1631522087.604,18.44,0.6
1631522087.706,18.38,0.6
1631522087.808,18.48,0.6
1631522087.911,18.47,0.6
1631522088.012,18.45,0.6
1631522088.113,18.49,0.6
1631522088.214,18.4,0.6
1631522088.316,18.5,0.6
1631522088.418,18.56,0.6
1631522088.52,18.52,0.6
1631522088.622,18.54,0.6
1631522088.724,18.63,0.6
1631522088.826,18.52,0.6
1631522088.928,18.5,0.6
1631522089.03,18.57,0.6
1631522089.132,18.54,0.6
1631522089.234,18.54,0.6
1631522089.336,18.6,0.6
1631522089.438,18.56,0.6
1631522089.541,18.45,0.6
1631522089.642,18.45,0.6
1631522089.744,18.38,0.6
1631522089.846,18.33,0.6
1631522089.948,18.17,0.6
1631522090.05,18.14,0.6
1631522090.152,18.12,0.6
1631522090.254,18.0,0.6
1631522090.355,18.03,0.6
1631522090.456,18.0,0.6
1631522090.557,18.05,0.6
1631522090.659,17.94,0.6
1631522090.761,17.93,0.6
1631522090.863,17.88,0.6
1631522090.965,17.85,0.6
1631522091.066,17.82,0.6
1631522091.168,17.78,0.6
1631522091.27,17.65,0.6
1631522091.372,17.62,0.6
1631522091.474,17.51,0.6
1631522091.576,17.46,0.6
1631522091.678,17.34,0.6
1631522091.78,17.32,0.6
1631522091.882,17.21,0.6
1631522091.984,17.19,0.6
1631522092.086,17.17,0.6
1631522092.188,17.07,0.6
1631522092.29,16.95,0.6
1631522092.392,16.88,0.6
1631522092.494,16.74,0.6
1631522092.596,16.65,0.6
1631522092.698,16.5,0.6
1631522092.8,16.43,0.6
1631522092.902,16.29,0.6
1631522093.004,16.3,0.6
1631522093.106,16.12,0.6
1631522093.207,15.86,0.6
1631522093.308,15.86,0.6
1631522093.411,15.5,0.6
1631522093.512,15.39,0.6
1631522093.614,15.25,0.6
1631522093.716,15.14,0.6
1631522093.818,15.06,0.6
1631522093.92,15.02,0.6
1631522094.022,14.93,0.6
1631522094.124,14.82,0.6
1631522094.226,14.71,0.6
1631522094.327,14.55,0.6
1631522094.428,14.53,0.6
1631522094.53,14.32,0.6
1631522094.633,14.1,0.6
1631522094.734,14.02,0.6
1631522094.836,13.76,0.6
1631522094.938,13.63,0.6
1631522095.04,13.47,0.6
1631522095.141,13.28,0.6
1631522095.242,13.21,0.6
1631522095.344,12.95,0.6
1631522095.447,12.89,0.6
1631522095.549,12.83,0.6
1631522095.651,12.67,0.6
1631522095.753,12.72,0.6
1631522095.855,12.65,0.6
1631522095.957,12.59,0.6
1631522096.058,12.54,0.6
1631522096.16,12.42,0.6
1631522096.262,12.39,0.6
1631522096.364,12.36,0.6
1631522096.466,12.27,0.6
1631522096.568,12.13,0.6
1631522096.67,12.14,0.6
1631522096.772,12.03,0.6
1631522096.874,11.94,0.6
1631522096.976,11.81,0.6
1631522097.078,11.77,0.6
1631522097.18,11.74,0.6
1631522097.282,11.72,0.6
1631522097.384,11.54,0.6
1631522097.486,11.38,0.6
1631522097.588,11.24,0.6
1631522097.69,11.15,0.6
1631522097.792,10.92,0.6
1631522097.894,10.86,0.6
1631522097.996,10.92,0.6
1631522098.098,10.76,0.6
1631522098.2,10.79,0.6
1631522098.302,10.53,0.6
1631522098.405,10.09,0.6
1631522098.506,10.09,0.6
1631522098.609,9.8,0.6
1631522098.711,9.6,0.6
1631522098.812,9.55,0.6
1631522098.914,9.5,0.6
1631522099.016,9.56,0.6
1631522099.118,9.54,0.6
1631522099.22,9.4,0.6
1631522099.322,9.38,0.6
1631522099.424,9.37,0.6
1631522099.526,9.35,0.6
1631522099.628,9.32,0.6
1631522099.729,9.22,0.6
1631522099.83,9.29,0.6
1631522099.932,9.25,0.6
1631522100.034,9.38,0.6
1631522100.136,9.45,0.6
1631522100.238,9.48,0.6
1631522100.34,9.26,0.6
1631522100.443,9.27,0.6
1631522100.544,9.4,0.6
1631522100.645,9.51,0.6
1631522100.747,9.55,0.6
1631522100.849,9.45,0.6
1631522100.951,9.45,0.6
1631522101.052,9.57,0.6
1631522101.154,9.62,0.6
1631522101.256,9.64,0.6
1631522101.358,9.77,0.6
1631522101.46,9.82,0.6
1631522101.562,9.94,0.6
1631522101.664,10.02,0.6
1631522101.766,10.12,0.6
1631522101.868,10.2,0.6
1631522101.97,10.28,0.6
1631522102.072,10.36,0.6
1631522102.174,10.33,0.6
1631522102.276,10.45,0.6
1631522102.378,10.52,0.6
1631522102.48,10.74,0.6
1631522102.582,10.78,0.6
1631522102.684,10.87,0.6
1631522102.786,10.82,0.6
1631522102.888,11.12,0.6
1631522102.99,11.26,0.6
1631522103.092,11.42,0.6
1631522103.194,11.48,0.6
1631522103.296,11.5,0.6
1631522103.398,11.68,0.6
1631522103.5,11.82,0.6
1631522103.602,11.86,0.6
1631522103.704,11.95,0.6
1631522103.806,12.03,0.6
1631522103.909,12.37,0.6
1631522104.01,12.42,0.6
1631522104.112,12.64,0.6
1631522104.214,12.7,0.6
1631522104.316,12.97,0.6
1631522104.418,12.99,0.6
1631522104.52,13.22,0.6
1631522104.622,13.38,0.6
1631522104.724,13.65,0.6
1631522104.827,13.87,0.6
1631522104.928,14.13,0.6
1631522105.03,14.38,0.6
1631522105.132,14.62,0.6
1631522105.234,14.69,0.6
1631522105.336,14.92,0.6
1631522105.438,15.09,0.6
1631522105.54,15.04,0.6
1631522105.642,15.14,0.6
1631522105.745,15.18,0.6
1631522105.847,15.2,0.6
1631522105.949,15.19,0.6
1631522106.05,15.17,0.6
1631522106.152,15.16,0.6
1631522106.254,15.14,0.6
1631522106.356,15.22,0.6
1631522106.458,15.21,0.6
1631522106.56,15.29,0.6
1631522106.662,15.25,0.6
1631522106.764,15.35,0.6
1631522106.866,15.4,0.6
1631522106.968,15.48,0.6
1631522107.07,15.59,0.6
1631522107.172,15.78,0.6
1631522107.274,15.89,0.6
1631522107.376,16.12,0.6
1631522107.478,16.17,0.6
1631522107.58,16.26,0.6
1631522107.682,16.48,0.6
1631522107.784,16.56,0.6
1631522107.886,16.75,0.6
1631522107.988,16.89,0.6
1631522108.09,16.98,0.6
1631522108.192,17.05,0.6
1631522108.294,17.3,0.6
1631522108.396,17.43,0.6
1631522108.498,17.63,0.6
1631522108.6,17.77,0.6
1631522108.702,17.79,0.6
1631522108.803,18.01,0.6
1631522108.904,18.01,0.6
1631522109.007,18.15,0.6
1631522109.108,18.17,0.6
1631522109.21,18.23,0.6
1631522109.312,18.34,0.6
1631522109.414,18.32,0.6
1631522109.516,18.24,0.6
1631522109.618,18.19,0.6
1631522109.72,18.19,0.6
1631522109.822,18.24,0.6
1631522109.924,18.22,0.6
1631522110.027,18.24,0.6
1631522110.128,18.22,0.6
1631522110.23,18.25,0.6
1631522110.332,18.26,0.6
1631522110.434,18.43,0.6
1631522110.536,18.41,0.6
1631522110.638,18.42,0.6
1631522110.74,18.32,0.6
1631522110.842,18.37,0.6
1631522110.944,18.27,0.6
1631522111.045,18.29,0.6
1631522111.147,18.3,0.6
1631522111.249,18.28,0.6
1631522111.351,18.22,0.6
1631522111.453,18.21,0.6
1631522111.555,18.09,0.6
1631522111.657,18.09,0.6
1631522111.759,17.96,0.6
1631522111.861,18.14,0.6
1631522111.963,18.19,0.6
1631522112.065,18.11,0.6
1631522112.167,18.11,0.6
1631522112.269,18.04,0.6
1631522112.371,18.14,0.6
1631522112.473,18.3,0.6
1631522112.575,18.25,0.6
1631522112.677,18.22,0.6
1631522112.779,18.2,0.6
1631522112.881,18.28,0.6
1631522112.983,18.25,0.6
1631522113.085,18.36,0.6
1631522113.187,18.4,0.6
1631522113.289,18.46,0.6
1631522113.391,18.29,0.6
1631522113.493,18.39,0.6
1631522113.595,18.48,0.6
1631522113.697,18.38,0.6
1631522113.799,18.48,0.6
1631522113.901,18.43,0.6
1631522114.002,18.45,0.6
1631522114.103,18.45,0.6
1631522114.206,18.54,0.6
1631522114.307,18.58,0.6
1631522114.409,18.6,0.6
1631522114.511,18.57,0.6
1631522114.613,18.54,0.6
1631522114.715,18.56,0.6
1631522114.817,18.56,0.6
1631522114.92,18.7,0.6
1631522115.021,18.7,0.6
1631522115.123,18.54,0.6
1631522115.225,18.58,0.6
1631522115.327,18.61,0.6
1631522115.429,18.58,0.6
1631522115.531,18.63,0.6
1631522115.633,18.62,0.6
1631522115.734,18.57,0.6
1631522115.835,18.61,0.6
1631522115.936,18.46,0.6
1631522116.033,18.55,0.6
1631522116.134,18.61,0.6
1631522116.236,18.48,0.6
1631522116.338,18.53,0.6
1631522116.44,18.55,0.6
1631522116.542,18.5,0.6
1631522116.644,18.61,0.6
1631522116.746,18.53,0.6
1631522116.848,18.51,0.6
1631522116.95,18.56,0.6
1631522117.052,18.55,0.6
1631522117.154,18.47,0.6
1631522117.256,18.56,0.6
1631522117.358,18.51,0.6
1631522117.46,18.56,0.6
1631522117.562,18.59,0.6
1631522117.664,18.59,0.6
1631522117.766,18.58,0.6
1631522117.868,18.48,0.6
1631522117.97,18.56,0.6
1631522118.072,18.63,0.6
1631522118.174,18.54,0.6
1631522118.276,18.64,0.6
1631522118.378,18.63,0.6
1631522118.48,18.6,0.6
1631522118.582,18.63,0.6
1631522118.684,18.62,0.6
1631522118.786,18.61,0.6
1631522118.888,18.62,0.6
1631522118.99,18.59,0.6
1631522119.092,18.65,0.6
1631522119.194,18.62,0.6
1631522119.296,18.62,0.6
1631522119.398,18.55,0.6
1631522119.5,18.59,0.6
1631522119.603,18.63,0.6
1631522119.704,18.6,0.6
1631522119.805,18.62,0.6
1631522119.906,18.64,0.6
1631522120.008,18.59,0.6
1631522120.11,18.64,0.6
1631522120.211,18.64,0.6
1631522120.312,18.68,0.6
1631522120.414,18.65,0.6
1631522120.516,18.76,0.6
1631522120.618,18.74,0.5
1631522120.72,18.75,0.5
1631522120.822,18.73,0.5
1631522120.924,18.76,0.5
1631522121.022,18.74,0.5
1631522121.124,18.83,0.5
1631522121.226,18.81,0.5
1631522121.328,18.83,0.5
1631522121.43,18.89,0.5
1631522121.532,18.9,0.5
1631522121.634,18.85,0.5
1631522121.736,18.91,0.5
1631522121.838,18.89,0.5
1631522121.94,18.86,0.5
1631522122.042,18.92,0.5
1631522122.144,18.92,0.5
1631522122.246,18.96,0.5
1631522122.348,18.91,0.5
1631522122.45,18.95,0.5
1631522122.552,18.96,0.5
1631522122.654,19.01,0.5
1631522122.756,18.98,0.5
1631522122.858,18.96,0.5
1631522122.96,19.02,0.5
1631522123.062,18.98,0.5
1631522123.164,19.1,0.5
1631522123.266,19.03,0.5
1631522123.368,19.0,0.5
1631522123.47,18.94,0.5
1631522123.572,19.0,0.5
1631522123.674,19.03,0.5
1631522123.776,19.09,0.5
1631522123.878,19.12,0.5
1631522123.98,18.99,0.5
1631522124.082,19.04,0.5
1631522124.184,19.07,0.5
1631522124.286,19.02,0.5
1631522124.388,18.98,0.5
1631522124.49,19.0,0.5
1631522124.592,19.11,0.5
1631522124.694,19.04,0.5
1631522124.796,19.04,0.5
1631522124.899,19.0,0.5
1631522125.0,18.91,0.5
1631522125.102,18.83,0.5
1631522125.204,18.8,0.5
1631522125.306,18.86,0.5
1631522125.408,18.81,0.5
1631522125.51,18.78,0.5
1631522125.611,18.75,0.5
1631522125.712,18.69,0.5
1631522125.814,18.66,0.5
1631522125.916,18.67,0.5
1631522126.018,18.64,0.5
1631522126.12,18.68,0.5
1631522126.222,18.59,0.5
1631522126.324,18.49,0.5
1631522126.426,18.58,0.5
1631522126.528,18.51,0.5
1631522126.63,18.49,0.5
1631522126.732,18.44,0.5
1631522126.834,18.28,0.5
1631522126.936,18.38,0.5
1631522127.038,18.39,0.5
1631522127.14,18.39,0.5
1631522127.242,18.31,0.5
1631522127.344,18.24,0.5
1631522127.446,18.23,0.5
1631522127.548,18.25,0.5
1631522127.65,18.14,0.5
1631522127.752,18.14,0.5
1631522127.854,18.13,0.5
1631522127.956,18.09,0.5
1631522128.058,18.12,0.5
1631522128.16,18.04,0.5
1631522128.262,18.12,0.5
1631522128.364,17.95,0.5
1631522128.466,18.02,0.5
1631522128.568,17.85,0.5
1631522128.67,17.86,0.5
1631522128.772,17.82,0.5
1631522128.874,17.81,0.5
1631522128.976,17.71,0.5
1631522129.078,17.76,0.5
1631522129.18,17.72,0.5
1631522129.282,17.69,0.5
1631522129.384,17.64,0.5
1631522129.486,17.68,0.5
1631522129.588,17.64,0.5
1631522129.69,17.7,0.5
1631522129.792,17.63,0.5
1631522129.893,17.52,0.5
1631522129.995,17.47,0.5
1631522130.097,17.56,0.5
1631522130.198,17.61,0.5
1631522130.299,17.57,0.5
1631522130.4,17.73,0.5
1631522130.502,17.59,0.5
1631522130.604,17.63,0.5
1631522130.705,17.65,0.5
1631522130.807,17.71,0.5
1631522130.909,17.72,0.5
1631522131.01,17.74,0.5
1631522131.112,17.77,0.5
1631522131.214,17.75,0.5
1631522131.316,17.88,0.5
1631522131.418,17.8,0.5
1631522131.52,17.78,0.5
1631522131.622,17.77,0.5
1631522131.724,17.72,0.5
1631522131.826,17.66,0.5
1631522131.928,17.64,0.5
1631522132.03,17.64,0.5
1631522132.132,17.52,0.5
1631522132.234,17.52,0.5
1631522132.336,17.49,0.5
1631522132.438,17.39,0.5
1631522132.54,17.38,0.5
1631522132.642,17.39,0.5
1631522132.744,17.34,0.5
1631522132.846,17.29,0.5
1631522132.948,17.23,0.5
1631522133.05,17.12,0.5
1631522133.152,17.05,0.5
1631522133.254,17.1,0.5
1631522133.356,17.12,0.5
1631522133.458,17.01,0.5
1631522133.56,16.95,0.5
1631522133.662,16.85,0.5
1631522133.764,16.77,0.5
1631522133.866,16.68,0.5
1631522133.968,16.67,0.5
1631522134.07,16.59,0.5
1631522134.172,16.57,0.5
1631522134.274,16.49,0.5
1631522134.376,16.44,0.5
1631522134.478,16.39,0.5
1631522134.58,16.27,0.5
1631522134.682,16.27,0.5
1631522134.784,16.19,0.5
1631522134.886,16.11,0.5
1631522134.989,16.15,0.5
1631522135.09,15.96,0.5
1631522135.192,15.97,0.5
1631522135.295,15.89,0.5
1631522135.397,15.82,0.5
1631522135.499,15.78,0.5
1631522135.6,15.76,0.5
1631522135.703,15.69,0.5
1631522135.804,15.6,0.5
1631522135.907,15.46,0.5
1631522136.008,15.48,0.5
1631522136.11,15.47,0.5
1631522136.212,15.51,0.5
1631522136.314,15.48,0.5
1631522136.416,15.37,0.5
1631522136.518,15.29,0.5
1631522136.62,15.2,0.5
1631522136.722,15.21,0.5
1631522136.824,15.15,0.5
1631522136.926,15.21,0.5
1631522137.028,15.09,0.5
1631522137.13,15.01,0.5
1631522137.232,15.08,0.5
1631522137.334,14.92,0.5
1631522137.436,14.86,0.5
1631522137.538,14.81,0.5
1631522137.64,14.79,0.5
1631522137.742,14.68,0.5
1631522137.844,14.66,0.5
1631522137.946,14.73,0.5
1631522138.048,14.53,0.5
1631522138.15,14.57,0.5
1631522138.252,14.43,0.5
1631522138.354,14.52,0.5
1631522138.456,14.35,0.5
1631522138.558,14.29,0.5
1631522138.66,14.29,0.5
1631522138.762,14.32,0.5
1631522138.864,14.26,0.5
1631522138.966,14.13,0.5
1631522139.068,14.08,0.5
1631522139.17,14.0,0.5
1631522139.272,13.97,0.5
1631522139.374,14.01,0.5
1631522139.476,13.83,0.5
1631522139.578,13.81,0.5
1631522139.68,13.66,0.5
1631522139.782,13.76,0.5
1631522139.883,13.65,0.5
1631522139.984,13.65,0.5
1631522140.086,13.56,0.5
1631522140.189,13.58,0.5
1631522140.29,13.43,0.5
1631522140.392,13.49,0.5
1631522140.495,13.31,0.5
1631522140.596,13.31,0.5
1631522140.697,13.3,0.5
1631522140.799,13.07,0.5
1631522140.901,13.21,0.5
1631522141.002,13.05,0.5
1631522141.104,13.08,0.5
1631522141.206,13.02,0.5
1631522141.308,12.97,0.5
1631522141.41,13.03,0.5
1631522141.512,12.91,0.5
1631522141.614,12.85,0.5
1631522141.716,12.8,0.5
1631522141.818,12.74,0.5
1631522141.92,12.69,0.5
1631522142.022,12.67,0.5
1631522142.124,12.47,0.5
1631522142.226,12.52,0.5
1631522142.328,12.47,0.5
1631522142.43,12.4,0.5
1631522142.532,12.36,0.5
1631522142.634,12.23,0.5
1631522142.736,12.36,0.5
1631522142.838,12.22,0.5
1631522142.94,12.17,0.5
1631522143.042,12.1,0.5
1631522143.144,12.05,0.5
1631522143.246,11.88,0.5
1631522143.348,11.94,0.5
1631522143.45,11.84,0.5
1631522143.552,11.66,0.5
1631522143.654,11.59,0.5
1631522143.756,11.46,0.5
1631522143.858,11.29,0.5
1631522143.96,11.11,0.5
1631522144.062,11.1,0.5
1631522144.164,11.01,0.5
1631522144.266,10.86,0.5
1631522144.368,10.64,0.5
1631522144.47,10.45,0.5
1631522144.572,10.35,0.5
1631522144.674,10.15,0.5
1631522144.776,9.97,0.5
1631522144.878,9.9,0.5
1631522144.98,9.72,0.5
1631522145.082,9.51,0.5
1631522145.184,9.44,0.5
1631522145.286,9.46,0.5
1631522145.388,9.24,0.5
1631522145.49,9.07,0.5
1631522145.591,9.0,0.5
1631522145.693,8.7,0.5
1631522145.795,8.51,0.5
1631522145.897,8.46,0.5
1631522145.999,8.19,0.5
1631522146.1,8.25,0.5
1631522146.202,8.02,0.5
1631522146.304,7.86,0.5
1631522146.406,7.8,0.5
1631522146.508,7.56,0.5
1631522146.61,7.53,0.5
1631522146.712,7.38,0.5
1631522146.814,7.18,0.5
1631522146.916,7.05,0.5
1631522147.018,7.17,0.5
1631522147.12,6.94,0.5
1631522147.222,6.97,0.5
1631522147.324,6.88,0.5
1631522147.426,6.9,0.5
1631522147.528,6.68,0.5
1631522147.63,6.74,0.5
1631522147.732,6.68,0.5
1631522147.834,6.69,0.5
1631522147.936,6.52,0.5
1631522148.038,6.62,0.5
1631522148.14,6.84,0.5
1631522148.242,6.52,0.5
1631522148.344,6.51,0.5
1631522148.446,6.64,0.5
1631522148.548,6.47,0.5
1631522148.65,6.56,0.5
1631522148.752,6.57,0.5
1631522148.854,6.71,0.5
1631522148.956,6.68,0.5
1631522149.058,6.71,0.5
1631522149.16,6.76,0.5
1631522149.262,6.8,0.5
1631522149.364,6.52,0.5
1631522149.466,6.53,0.5
1631522149.568,6.65,0.5
1631522149.67,6.56,0.5
1631522149.772,6.64,0.5
1631522149.874,6.74,0.5
1631522149.976,6.73,0.5
1631522150.078,6.94,0.5
1631522150.18,7.02,0.5
1631522150.282,7.02,0.5
1631522150.384,6.93,0.5
1631522150.486,7.01,0.5
1631522150.588,7.1,0.5
1631522150.691,7.42,0.5
1631522150.793,7.51,0.5
1631522150.894,7.5,0.5
1631522150.995,7.36,0.5
1631522151.095,7.55,0.5
1631522151.197,7.54,0.5
1631522151.299,7.73,0.5
1631522151.401,7.8,0.5
1631522151.503,7.67,0.5
1631522151.605,7.81,0.5
1631522151.707,7.84,0.5
1631522151.809,7.88,0.5
1631522151.911,7.97,0.5
1631522152.013,7.89,0.5
1631522152.115,7.94,0.5
1631522152.217,7.9,0.5
1631522152.319,8.04,0.5
1631522152.421,7.96,0.5
1631522152.523,8.05,0.5
1631522152.625,7.99,0.5
1631522152.727,8.03,0.5
1631522152.829,8.14,0.5
1631522152.931,7.95,0.5
1631522153.033,8.07,0.5
1631522153.135,8.0,0.5
1631522153.237,8.22,0.5
1631522153.339,8.35,0.5
1631522153.441,8.24,0.5
1631522153.543,8.48,0.5
1631522153.645,8.73,0.5
1631522153.747,8.46,0.5
1631522153.849,8.32,0.5
1631522153.951,8.68,0.5
1631522154.053,8.84,0.5
1631522154.155,8.88,0.5
1631522154.257,9.07,0.5
1631522154.359,9.21,0.5
1631522154.461,9.29,0.5
1631522154.563,9.4,0.5
1631522154.665,9.5,0.5
1631522154.767,9.59,0.5
1631522154.869,9.61,0.5
1631522154.971,9.62,0.5
1631522155.073,9.74,0.6
1631522155.176,9.69,0.6
1631522155.277,10.03,0.6
1631522155.379,10.16,0.6
1631522155.481,10.26,0.6
1631522155.583,10.09,0.6
1631522155.685,10.19,0.6
1631522155.788,10.09,0.6
1631522155.89,10.14,0.6
1631522155.991,10.02,0.6
1631522156.091,10.08,0.6
1631522156.193,10.19,0.6
1631522156.295,10.11,0.6
1631522156.397,10.13,0.6
1631522156.499,10.09,0.6
1631522156.601,10.23,0.6
1631522156.703,10.28,0.6
1631522156.805,10.41,0.6
1631522156.907,10.24,0.6
1631522157.009,10.28,0.6
1631522157.111,10.28,0.6
1631522157.213,10.37,0.6
1631522157.315,10.27,0.6
1631522157.417,10.31,0.6
1631522157.519,10.53,0.6
1631522157.621,10.27,0.6
1631522157.723,10.66,0.6
1631522157.825,10.82,0.6
1631522157.927,10.62,0.6
1631522158.029,10.7,0.6
1631522158.131,10.61,0.6
1631522158.233,10.67,0.6
1631522158.335,10.62,0.6
1631522158.437,10.69,0.6
1631522158.539,10.74,0.6
1631522158.641,10.81,0.6
1631522158.743,10.84,0.6
1631522158.845,10.7,0.6
1631522158.947,10.81,0.6
1631522159.049,10.7,0.6
1631522159.151,10.42,0.6
1631522159.253,10.57,0.6
1631522159.355,10.68,0.6
1631522159.457,10.86,0.6
1631522159.559,10.69,0.6
1631522159.661,10.81,0.6
1631522159.763,10.75,0.6
1631522159.865,10.74,0.6
1631522159.967,10.59,0.6
1631522160.069,10.51,0.6
1631522160.171,10.37,0.6
1631522160.273,10.58,0.6
1631522160.376,10.59,0.6
1631522160.477,10.65,0.6
1631522160.579,10.62,0.6
1631522160.681,10.58,0.6
1631522160.782,10.69,0.6
1631522160.883,10.69,0.6
1631522160.984,10.41,0.6
1631522161.084,10.27,0.6
1631522161.186,10.29,0.6
1631522161.288,10.54,0.6
1631522161.39,10.41,0.6
1631522161.492,10.42,0.6
1631522161.594,10.21,0.6
1631522161.696,10.26,0.6
1631522161.798,10.24,0.6
1631522161.9,10.23,0.6
1631522162.002,10.26,0.6
1631522162.104,10.35,0.6
1631522162.206,10.1,0.7
1631522162.308,10.35,0.7
1631522162.41,10.25,0.7
1631522162.512,10.11,0.7
1631522162.614,10.17,0.7
1631522162.716,10.05,0.7
1631522162.818,9.94,0.7
1631522162.92,9.79,0.7
1631522163.022,9.81,0.7
1631522163.124,9.84,0.7
1631522163.226,9.91,0.7
1631522163.328,9.95,0.7
1631522163.43,10.23,0.7
1631522163.532,9.75,0.7
1631522163.634,10.02,0.7
1631522163.736,10.12,0.7
1631522163.838,9.86,0.7
1631522163.94,9.99,0.7
1631522164.042,9.86,0.7
1631522164.144,10.1,0.7
1631522164.246,10.21,0.7
1631522164.348,10.35,0.7
1631522164.45,10.17,0.7
1631522164.552,9.82,0.7
1631522164.654,10.15,0.7
1631522164.756,10.13,0.7
1631522164.858,10.04,0.7
1631522164.961,10.0,0.7
1631522165.062,9.8,0.7
1631522165.164,9.67,0.7
1631522165.266,9.74,0.7
1631522165.368,9.85,0.7
1631522165.47,9.74,0.7
1631522165.572,10.04,0.7
1631522165.674,9.95,0.7
1631522165.777,9.92,0.7
1631522165.878,9.92,0.7
1631522165.979,9.89,0.7
1631522166.079,9.89,0.7
1631522166.181,9.91,0.7
1631522166.283,9.88,0.7
1631522166.385,10.08,0.7
1631522166.487,10.07,0.7
1631522166.589,9.93,0.7
1631522166.691,9.85,0.7
1631522166.793,9.67,0.7
1631522166.895,9.9,0.7
1631522166.997,9.66,0.7
1631522167.099,9.58,0.7
1631522167.201,9.53,0.7
1631522167.303,9.43,0.7
1631522167.405,9.37,0.7
1631522167.507,9.39,0.7
1631522167.609,9.3,0.7
1631522167.711,9.23,0.7
1631522167.813,9.2,0.7
1631522167.915,8.99,0.7
1631522168.017,9.18,0.7
1631522168.119,8.7,0.7
1631522168.221,8.64,0.7
1631522168.323,8.47,0.7
1631522168.425,8.33,0.8
1631522168.527,8.28,0.8
1631522168.629,8.03,0.8
1631522168.731,7.62,0.8
1631522168.833,7.48,0.8
1631522168.935,7.28,0.8
1631522169.037,7.14,0.8
1631522169.139,6.97,0.8
1631522169.241,6.97,0.8
1631522169.343,7.23,0.8
1631522169.445,6.96,0.8
1631522169.547,6.67,0.8
1631522169.649,6.43,0.8
1631522169.751,6.33,0.8
1631522169.853,6.22,0.8
1631522169.955,5.98,0.8
1631522170.057,5.87,0.8
1631522170.159,5.65,0.8
1631522170.261,5.59,0.8
1631522170.362,5.54,0.8
1631522170.463,5.45,0.8
1631522170.565,5.41,0.8
1631522170.668,5.36,0.8
1631522170.769,5.32,0.8
1631522170.871,5.1,0.8
1631522170.972,4.99,0.8
1631522171.07,4.8,0.8
1631522171.171,4.68,0.8
1631522171.273,4.54,0.7
1631522171.375,4.54,0.7
1631522171.477,4.53,0.7
1631522171.579,4.62,0.7
1631522171.681,4.59,0.7
1631522171.783,4.55,0.7
1631522171.885,4.53,0.7
1631522171.987,4.56,0.7
1631522172.089,4.58,0.7
1631522172.191,4.57,0.7
1631522172.293,4.54,0.7
1631522172.395,4.54,0.7
1631522172.497,4.58,0.7
1631522172.599,4.63,0.7
1631522172.701,4.59,0.7
1631522172.803,4.53,0.7
1631522172.905,4.5,0.7
1631522173.007,4.58,0.7
1631522173.109,4.62,0.7
1631522173.211,4.78,0.7
1631522173.313,4.81,0.7
1631522173.415,4.91,0.7
1631522173.517,5.13,0.7
1631522173.619,5.16,0.7
1631522173.721,5.32,0.7
1631522173.823,5.3,0.7
1631522173.925,5.48,0.7
1631522174.027,5.58,0.7
1631522174.129,5.37,0.7
1631522174.231,5.57,0.7
1631522174.333,5.62,0.7
1631522174.435,5.63,0.7
1631522174.537,5.51,0.7
1631522174.639,5.75,0.7
1631522174.741,5.93,0.7
1631522174.843,5.75,0.7
1631522174.945,5.94,0.7
1631522175.047,5.85,0.7
1631522175.148,5.86,0.7
1631522175.249,5.98,0.7
1631522175.351,5.87,0.7
1631522175.454,5.96,0.7
1631522175.555,6.05,0.7
1631522175.657,5.88,0.7
1631522175.759,6.1,0.7
1631522175.86,6.1,0.7
1631522175.961,6.11,0.7
1631522176.058,6.17,0.7
1631522176.159,6.29,0.7
1631522176.261,6.3,0.7
1631522176.362,6.25,0.7
1631522176.464,6.16,0.7
1631522176.566,6.12,0.7
1631522176.668,6.21,0.7
1631522176.77,6.13,0.7
1631522176.872,6.05,0.6
1631522176.974,6.07,0.6
1631522177.076,6.07,0.6
1631522177.178,6.2,0.6
1631522177.28,6.3,0.6
1631522177.382,6.4,0.6
1631522177.484,6.51,0.6
1631522177.586,6.6,0.6
1631522177.688,6.68,0.6
1631522177.79,6.64,0.6
1631522177.892,6.81,0.6
1631522177.994,6.9,0.6
1631522178.096,6.85,0.6
1631522178.198,7.09,0.6
1631522178.3,7.13,0.6
1631522178.402,7.25,0.6
1631522178.504,7.31,0.6
1631522178.606,7.41,0.6
1631522178.708,7.42,0.6
1631522178.81,7.54,0.6
1631522178.912,7.65,0.6
1631522179.014,7.73,0.6
1631522179.116,7.72,0.6
1631522179.218,7.84,0.6
1631522179.32,7.9,0.6
1631522179.422,8.04,0.6
1631522179.524,8.05,0.6
1631522179.626,8.17,0.6
1631522179.728,8.16,0.6
1631522179.83,8.29,0.6
1631522179.932,8.35,0.6
1631522180.034,8.43,0.6
1631522180.136,8.43,0.6
1631522180.239,8.58,0.6
1631522180.34,8.62,0.6
1631522180.442,8.72,0.6
1631522180.544,8.79,0.6
1631522180.646,8.74,0.6
1631522180.747,8.72,0.6
1631522180.848,8.86,0.6
1631522180.949,8.87,0.6
1631522181.048,8.93,0.6
1631522181.151,8.91,0.6
1631522181.253,8.88,0.6
1631522181.355,8.9,0.6
1631522181.457,8.94,0.6
1631522181.559,8.88,0.6
1631522181.661,9.03,0.6
1631522181.763,9.07,0.6
1631522181.865,9.14,0.6
1631522181.967,9.2,0.6
1631522182.069,9.13,0.6
1631522182.171,8.97,0.6
1631522182.273,8.91,0.6
1631522182.375,8.93,0.6
1631522182.477,8.82,0.6
1631522182.579,8.92,0.6
1631522182.681,9.02,0.6
1631522182.783,8.82,0.6
1631522182.885,8.71,0.6
1631522182.987,8.76,0.6
1631522183.089,8.78,0.6
1631522183.191,8.73,0.6
1631522183.293,8.73,0.6
1631522183.395,8.57,0.6
1631522183.497,8.67,0.6
1631522183.599,8.69,0.6
1631522183.701,8.62,0.6
1631522183.803,8.64,0.6
1631522183.905,8.6,0.6
1631522184.007,8.52,0.6
1631522184.109,8.51,0.6
1631522184.211,8.61,0.6
1631522184.313,8.47,0.6
1631522184.415,8.4,0.6
1631522184.517,8.36,0.6
1631522184.619,8.33,0.6
1631522184.721,8.4,0.6
1631522184.823,8.5,0.6
1631522184.925,8.48,0.6
1631522185.027,8.5,0.6
1631522185.129,8.52,0.6
1631522185.231,8.51,0.6
1631522185.333,8.53,0.6
1631522185.435,8.52,0.6
1631522185.537,8.58,0.6
1631522185.639,8.58,0.6
1631522185.741,8.57,0.6
1631522185.843,8.62,0.6
1631522185.945,8.51,0.6
1631522186.045,8.53,0.6
1631522186.146,8.51,0.5
1631522186.247,8.6,0.5
1631522186.348,8.64,0.5
1631522186.451,8.63,0.5
1631522186.553,8.66,0.5
1631522186.655,8.63,0.5
1631522186.757,8.64,0.5
1631522186.859,8.67,0.5
1631522186.961,8.7,0.5
1631522187.063,8.67,0.5
1631522187.165,8.57,0.5
1631522187.267,8.65,0.5
1631522187.369,8.66,0.5
1631522187.471,8.66,0.5
1631522187.573,8.49,0.5
1631522187.675,8.59,0.5
1631522187.777,8.52,0.5
1631522187.879,8.51,0.5
1631522187.981,8.49,0.5
1631522188.083,8.49,0.5
1631522188.185,8.36,0.5
1631522188.287,8.4,0.5
1631522188.389,8.42,0.5
1631522188.491,8.27,0.5
1631522188.593,8.43,0.5
1631522188.695,8.33,0.5
1631522188.797,8.14,0.5
1631522188.899,8.19,0.5
1631522189.001,8.2,0.5
1631522189.103,8.04,0.5
1631522189.205,8.07,0.5
1631522189.307,8.08,0.5
1631522189.409,8.08,0.5
1631522189.511,8.13,0.5
1631522189.613,7.95,0.5
1631522189.715,7.86,0.5
1631522189.817,7.75,0.5
1631522189.919,7.72,0.5
1631522190.021,7.64,0.5
1631522190.123,7.48,0.5
1631522190.225,7.45,0.5
1631522190.327,7.34,0.5
1631522190.43,7.17,0.5
1631522190.531,7.04,0.5
1631522190.633,7.01,0.5
1631522190.735,6.75,0.5
1631522190.837,6.66,0.5
1631522190.939,6.49,0.5
1631522191.041,6.35,0.5
1631522191.142,6.31,0.5
1631522191.243,6.26,0.5
1631522191.345,6.09,0.5
1631522191.447,5.91,0.5
1631522191.549,5.71,0.5
1631522191.651,5.6,0.5
1631522191.753,5.44,0.5
1631522191.855,5.36,0.5
1631522191.957,5.31,0.5
1631522192.059,5.16,0.5
1631522192.161,5.01,0.5
1631522192.263,4.95,0.5
1631522192.365,4.83,0.5
1631522192.467,4.68,0.5
1631522192.569,4.61,0.5
1631522192.671,4.58,0.5
1631522192.773,4.48,0.5
1631522192.875,4.41,0.5
1631522192.977,4.45,0.5
1631522193.079,4.3,0.5
1631522193.181,4.33,0.5
1631522193.283,4.11,0.5
1631522193.385,4.15,0.5
1631522193.487,4.17,0.5
1631522193.589,4.31,0.5
1631522193.691,4.52,0.5
1631522193.793,4.52,0.5
1631522193.895,4.68,0.5
1631522193.997,4.78,0.5
1631522194.099,4.95,0.5
1631522194.201,4.8,0.5
1631522194.303,5.14,0.5
1631522194.405,5.04,0.5
1631522194.507,5.27,0.5
1631522194.609,5.36,0.5
1631522194.711,5.54,0.5
1631522194.813,5.77,0.5
1631522194.915,5.69,0.5
1631522195.017,5.86,0.5
1631522195.119,5.9,0.5
1631522195.221,5.91,0.5
1631522195.323,6.15,0.5
1631522195.425,6.29,0.5
1631522195.527,6.32,0.5
1631522195.629,6.38,0.5
1631522195.731,6.6,0.5
1631522195.832,6.46,0.5
1631522195.933,6.47,0.5
1631522196.034,6.62,0.5
1631522196.136,6.8,0.5
1631522196.237,6.79,0.5
1631522196.339,7.02,0.5
1631522196.441,6.95,0.5
1631522196.543,7.03,0.5
1631522196.645,7.03,0.5
1631522196.747,7.11,0.5
1631522196.849,7.21,0.5
1631522196.951,7.01,0.5
1631522197.053,7.07,0.5
1631522197.155,7.07,0.5
1631522197.257,7.16,0.5
1631522197.359,7.11,0.5
1631522197.461,7.19,0.5
1631522197.563,7.08,0.5
1631522197.665,7.24,0.5
1631522197.767,7.18,0.5
1631522197.869,7.39,0.5
1631522197.971,7.35,0.5
1631522198.073,7.32,0.5
1631522198.175,7.35,0.5
1631522198.277,7.21,0.5
1631522198.379,7.47,0.5
1631522198.481,7.58,0.5
1631522198.583,7.65,0.5
1631522198.685,7.67,0.5
1631522198.787,7.73,0.5
1631522198.889,7.9,0.5
1631522198.991,7.61,0.5
1631522199.093,7.62,0.5
1631522199.195,7.58,0.5
1631522199.297,7.8,0.5
1631522199.399,7.8,0.5
1631522199.501,7.67,0.6
1631522199.603,7.87,0.6
1631522199.705,7.74,0.6
1631522199.807,7.72,0.6
1631522199.909,7.92,0.6
1631522200.011,7.73,0.6
1631522200.113,7.73,0.6
1631522200.215,7.57,0.6
1631522200.316,7.51,0.6
1631522200.417,7.52,0.6
1631522200.519,7.74,0.6
1631522200.622,7.66,0.6
1631522200.723,7.47,0.6
1631522200.825,7.31,0.6
1631522200.927,7.32,0.6
1631522201.028,7.14,0.6
1631522201.13,7.11,0.6
1631522201.233,7.03,0.6
1631522201.335,6.85,0.6
1631522201.437,6.71,0.6
1631522201.539,6.47,0.6
1631522201.641,6.37,0.6
1631522201.743,6.17,0.6
1631522201.845,6.18,0.6
1631522201.947,5.72,0.6
1631522202.049,5.56,0.6
1631522202.151,5.51,0.6
1631522202.253,5.4,0.6
1631522202.355,5.15,0.6
1631522202.457,4.87,0.6
1631522202.559,5.07,0.6
1631522202.661,4.55,0.6
1631522202.763,4.58,0.6
1631522202.865,4.58,0.6
1631522202.967,4.63,0.6
1631522203.069,4.68,0.6
1631522203.171,4.63,0.6
1631522203.273,4.31,0.6
1631522203.375,4.45,0.6
1631522203.477,4.33,0.6
1631522203.579,4.19,0.6
1631522203.681,4.29,0.6
1631522203.783,3.97,0.6
1631522203.885,4.0,0.6
1631522203.987,4.0,0.6
1631522204.089,4.02,0.6
1631522204.191,3.89,0.6
1631522204.293,3.75,0.6
1631522204.395,3.72,0.6
1631522204.497,3.58,0.6
1631522204.599,3.59,0.6
1631522204.701,3.67,0.6
1631522204.803,3.71,0.6
1631522204.905,3.55,0.6
1631522205.007,3.63,0.6
1631522205.109,3.46,0.6
1631522205.211,3.42,0.6
1631522205.313,3.38,0.6
1631522205.415,3.12,0.6
1631522205.517,3.15,0.6
1631522205.619,3.16,0.6
1631522205.721,3.16,0.6
1631522205.823,3.09,0.6
1631522205.925,2.98,0.6
1631522206.025,2.99,0.6
1631522206.126,2.79,0.6
1631522206.229,2.65,0.6
1631522206.33,2.58,0.6
1631522206.433,2.6,0.6
1631522206.535,2.5,0.6
1631522206.637,2.56,0.6
1631522206.739,2.53,0.6
1631522206.841,2.7,0.6
1631522206.943,2.69,0.6
1631522207.045,2.44,0.6
1631522207.147,2.48,0.6
1631522207.249,2.33,0.6
1631522207.351,2.31,0.6
1631522207.453,2.48,0.6
1631522207.555,2.34,0.6
1631522207.657,2.54,0.6
1631522207.759,2.44,0.6
1631522207.861,2.5,0.6
1631522207.963,2.43,0.6
1631522208.065,2.38,0.6
1631522208.167,2.45,0.6
1631522208.269,2.37,0.6
1631522208.371,2.56,0.6
1631522208.473,2.36,0.6
1631522208.575,2.49,0.6
1631522208.677,2.73,0.6
1631522208.779,2.6,0.6
1631522208.881,2.52,0.6
1631522208.983,2.71,0.6
1631522209.085,2.75,0.6
1631522209.187,2.63,0.6
1631522209.289,2.57,0.6
1631522209.391,2.65,0.6
1631522209.493,2.71,0.6
1631522209.595,2.67,0.6
1631522209.697,2.57,0.6
1631522209.799,2.65,0.6
1631522209.901,2.84,0.6
1631522210.003,2.87,0.6
1631522210.105,2.89,0.6
1631522210.207,2.74,0.6
1631522210.309,2.6,0.6
1631522210.411,2.74,0.6
1631522210.512,2.69,0.6
1631522210.613,2.77,0.6
1631522210.715,2.81,0.6
1631522210.817,2.86,0.6
1631522210.919,3.02,0.6
1631522211.02,3.12,0.6
1631522211.122,3.23,0.6
1631522211.225,3.25,0.6
1631522211.326,3.47,0.6
1631522211.429,3.73,0.6
1631522211.531,3.71,0.6
1631522211.633,3.34,0.6
1631522211.735,3.25,0.6
1631522211.837,2.83,0.6
1631522211.939,2.63,0.6
1631522212.041,2.67,0.6
1631522212.143,2.52,0.6
1631522212.245,2.6,0.6
1631522212.347,2.88,0.6
1631522212.449,3.09,0.6
1631522212.551,3.04,0.6
1631522212.653,3.07,0.6
1631522212.755,2.9,0.6
1631522212.857,2.92,0.6
1631522212.959,2.74,0.6
1631522213.061,2.99,0.6
1631522213.163,3.17,0.6
1631522213.265,3.67,0.6
1631522213.367,3.66,0.6
1631522213.469,3.77,0.6
1631522213.571,3.95,0.6
1631522213.673,3.93,0.6
1631522213.775,3.3,0.6
1631522213.877,3.62,0.6
1631522213.979,3.84,0.6
1631522214.081,4.09,0.6
1631522214.183,4.19,0.6
1631522214.285,4.33,0.6
1631522214.387,4.64,0.6
1631522214.489,4.66,0.6
1631522214.591,4.69,0.6
1631522214.693,4.82,0.6
1631522214.795,4.83,0.6
1631522214.897,4.8,0.6
1631522214.999,4.58,0.6
1631522215.101,4.78,0.6
1631522215.203,4.62,0.6
1631522215.305,5.03,0.6
1631522215.407,4.86,0.6
1631522215.509,4.68,0.6
1631522215.61,4.73,0.6
1631522215.711,4.6,0.6
1631522215.813,4.6,0.6
1631522215.916,4.55,0.6
1631522216.016,4.64,0.6
1631522216.118,4.6,0.6
1631522216.22,4.52,0.6
1631522216.322,4.6,0.6
1631522216.424,4.57,0.6
1631522216.527,4.73,0.6
1631522216.629,4.82,0.6
1631522216.731,4.74,0.6
1631522216.833,4.39,0.6
1631522216.935,4.4,0.6
1631522217.037,4.48,0.6
1631522217.139,4.45,0.6
1631522217.241,4.43,0.6
1631522217.343,4.51,0.6
1631522217.445,4.56,0.6
1631522217.547,4.68,0.6
1631522217.649,4.59,0.6
1631522217.751,4.53,0.6
1631522217.853,4.51,0.6
1631522217.955,4.38,0.6
1631522218.057,4.22,0.6
1631522218.159,4.29,0.6
1631522218.261,4.36,0.6
1631522218.363,4.43,0.6
1631522218.464,4.26,0.6
1631522218.565,4.23,0.6
1631522218.667,4.27,0.6
1631522218.769,3.88,0.6
1631522218.871,3.75,0.6
1631522218.973,3.64,0.6
1631522219.075,3.85,0.6
1631522219.177,4.01,0.6
1631522219.279,3.98,0.6
1631522219.381,4.19,0.7
1631522219.483,4.21,0.7
1631522219.585,4.21,0.7
1631522219.687,4.4,0.7
1631522219.789,4.4,0.7
1631522219.891,4.43,0.7
1631522219.993,4.45,0.7
1631522220.095,4.42,0.7
1631522220.197,4.19,0.7
1631522220.299,4.04,0.7
1631522220.401,3.89,0.7
1631522220.503,4.14,0.7
1631522220.605,4.07,0.7
1631522220.707,4.01,0.7
1631522220.809,3.8,0.7
1631522220.911,4.1,0.7
1631522221.012,3.98,0.7
1631522221.115,4.03,0.7
1631522221.216,4.04,0.7
1631522221.318,4.1,0.7
1631522221.42,4.17,0.7
1631522221.522,3.96,0.7
1631522221.624,4.09,0.7
1631522221.726,3.99,0.7
1631522221.829,3.79,0.7
1631522221.93,4.05,0.7
1631522222.031,4.02,0.7
1631522222.133,4.0,0.7
1631522222.235,4.14,0.7
1631522222.337,4.11,0.7
1631522222.439,4.08,0.7
1631522222.541,4.02,0.7
1631522222.643,3.87,0.7
1631522222.745,4.02,0.7
1631522222.847,4.01,0.7
1631522222.949,3.94,0.7
1631522223.051,3.93,0.7
1631522223.153,3.88,0.7
1631522223.255,3.99,0.7
1631522223.357,3.89,0.7
1631522223.459,3.74,0.7
1631522223.561,3.81,0.7
1631522223.663,3.88,0.7
1631522223.765,3.67,0.7
1631522223.867,3.75,0.7
1631522223.969,3.54,0.7
1631522224.071,3.6,0.7
1631522224.173,3.58,0.7
1631522224.275,3.51,0.7
1631522224.377,3.55,0.7
1631522224.479,3.68,0.7
1631522224.581,3.78,0.7
1631522224.683,3.56,0.7
1631522224.785,3.76,0.7
1631522224.887,3.66,0.7
1631522224.989,3.82,0.7
1631522225.091,3.95,0.7
1631522225.193,3.87,0.7
1631522225.295,3.9,0.7
1631522225.397,3.89,0.7
1631522225.499,3.96,0.7
1631522225.601,3.97,0.7
1631522225.703,3.92,0.7
1631522225.805,3.92,0.7
1631522225.907,3.91,0.7
1631522226.008,3.95,0.7
1631522226.11,3.94,0.7
1631522226.211,3.78,0.7
1631522226.312,3.71,0.7
1631522226.414,3.75,0.7
1631522226.516,3.76,0.7
1631522226.618,3.8,0.7
1631522226.719,3.77,0.7
1631522226.821,3.8,0.7
1631522226.922,3.76,0.7
1631522227.023,3.73,0.7
1631522227.125,3.6,0.7
1631522227.227,3.65,0.7
1631522227.329,3.53,0.7
1631522227.431,3.56,0.7
1631522227.533,3.65,0.7
1631522227.635,3.59,0.7
1631522227.737,3.65,0.7
1631522227.839,3.58,0.7
1631522227.941,3.51,0.7
1631522228.043,3.59,0.7
1631522228.145,3.48,0.7
1631522228.247,3.44,0.7
1631522228.349,3.49,0.7
1631522228.451,3.46,0.7
1631522228.553,3.46,0.7
1631522228.655,3.5,0.7
1631522228.757,3.51,0.7
1631522228.859,3.3,0.7
1631522228.961,3.44,0.7
1631522229.063,3.43,0.7
1631522229.165,3.44,0.7
1631522229.267,3.44,0.7
1631522229.369,3.3,0.7
1631522229.471,3.26,0.7
1631522229.573,3.16,0.7
1631522229.675,3.01,0.7
1631522229.777,3.06,0.7
1631522229.879,2.98,0.7
1631522229.981,2.91,0.7
1631522230.083,2.85,0.7
1631522230.185,2.74,0.7
1631522230.287,2.76,0.7
1631522230.389,2.53,0.7
1631522230.491,2.37,0.7
1631522230.593,2.25,0.7
1631522230.695,2.17,0.7
1631522230.797,2.11,0.7
1631522230.899,1.95,0.7
1631522231.0,1.9,0.7
1631522231.1,1.88,0.7
1631522231.202,1.96,0.7
1631522231.304,1.89,0.7
1631522231.406,1.92,0.7
1631522231.508,1.97,0.7
1631522231.61,1.89,0.7
1631522231.712,1.94,0.7
1631522231.814,2.09,0.7
1631522231.915,2.04,0.7
1631522232.017,2.11,0.7
1631522232.119,2.09,0.7
1631522232.221,2.13,0.7
1631522232.323,2.13,0.7
1631522232.425,2.16,0.7
1631522232.527,2.1,0.7
1631522232.629,2.05,0.7
1631522232.731,2.02,0.7
1631522232.833,2.11,0.7
1631522232.935,2.03,0.7
1631522233.037,1.92,0.7
1631522233.139,2.08,0.7
1631522233.241,1.9,0.7
1631522233.343,2.02,0.7
1631522233.445,2.09,0.7
1631522233.547,2.08,0.7
1631522233.649,2.19,0.7
1631522233.751,2.16,0.7
1631522233.853,2.19,0.7
1631522233.955,2.23,0.7
1631522234.057,2.33,0.7
1631522234.16,2.27,0.7
1631522234.261,2.35,0.7
1631522234.363,2.38,0.7
1631522234.465,2.16,0.7
1631522234.567,2.3,0.7
1631522234.669,2.26,0.7
1631522234.771,2.18,0.7
1631522234.873,2.21,0.7
1631522234.975,2.26,0.7
1631522235.077,2.08,0.7
1631522235.179,1.92,0.7
1631522235.281,2.04,0.7
1631522235.383,1.94,0.7
1631522235.485,1.84,0.7
1631522235.587,1.97,0.7
1631522235.689,1.8,0.7
1631522235.791,1.73,0.7
1631522235.894,1.33,0.7
1631522235.995,1.34,0.7
1631522236.096,1.17,0.7
1631522236.198,1.33,0.7
1631522236.3,1.27,0.7
1631522236.402,1.51,0.7
1631522236.504,1.46,0.7
1631522236.605,1.73,0.7
1631522236.707,1.89,0.7
1631522236.808,1.97,0.7
1631522236.911,2.11,0.7
1631522237.013,1.95,0.7
1631522237.115,2.0,0.7
1631522237.217,1.95,0.7
1631522237.319,2.07,0.7
1631522237.421,2.0,0.7
1631522237.523,2.07,0.7
1631522237.625,2.23,0.7
1631522237.727,2.13,0.7
1631522237.829,2.16,0.7
1631522237.931,2.18,0.7
1631522238.033,2.23,0.7
1631522238.135,2.29,0.7
1631522238.237,2.3,0.7
1631522238.339,2.35,0.7
1631522238.441,2.33,0.7
1631522238.543,2.25,0.7
1631522238.645,2.26,0.7
1631522238.747,2.21,0.7
1631522238.849,2.09,0.7
1631522238.951,2.02,0.7
1631522239.053,1.96,0.7
1631522239.155,2.15,0.7
1631522239.257,2.1,0.7
1631522239.36,2.16,0.7
1631522239.461,2.21,0.7
1631522239.563,2.16,0.7
1631522239.665,2.03,0.7
1631522239.767,1.89,0.7
1631522239.869,1.79,0.7
1631522239.971,1.7,0.7
1631522240.073,1.58,0.7
1631522240.175,1.51,0.7
1631522240.277,1.42,0.7
1631522240.379,1.4,0.7
1631522240.481,1.28,0.7
1631522240.583,1.24,0.7
1631522240.685,1.24,0.7
1631522240.787,1.04,0.7
1631522240.889,1.08,0.7
1631522240.99,0.86,0.7
1631522241.09,0.86,0.7
1631522241.192,0.96,0.7
1631522241.294,0.84,0.7
1631522241.396,0.76,0.7
1631522241.498,0.72,0.7
1631522241.6,0.67,0.7
1631522241.702,0.51,0.7
1631522241.804,0.58,0.7
1631522241.907,0.44,0.7
1631522242.009,0.43,0.7
1631522242.111,0.32,0.7
1631522242.213,0.43,0.7
1631522242.315,0.32,0.7
1631522242.417,0.22,0.7
1631522242.519,0.28,0.7
1631522242.621,0.15,0.7
1631522242.723,0.18,0.7
1631522242.825,0.13,0.7
1631522242.927,0.11,0.7
1631522243.029,0.07,0.7
1631522243.131,0.09,0.6
1631522243.233,0.05,0.6
1631522243.335,0.04,0.6
1631522243.437,0.05,0.6
1631522243.539,0.03,0.6
1631522243.641,0.05,0.6
1631522243.743,0.05,0.6
1631522243.845,0.03,0.6
1631522243.947,0.03,0.6
1631522244.049,0.01,0.6
1631522244.151,0.05,0.6
1631522244.253,0.01,0.6
1631522244.355,0.02,0.6
1631522244.457,0.04,0.6
1631522244.558,0.07,0.6
1631522244.66,0.07,0.6
1631522244.761,0.02,0.6
1631522244.863,0.01,0.6
1631522244.965,0.01,0.6
1631522245.067,0.02,0.6
1631522245.169,0.03,0.6
1631522245.271,0.02,0.6
1631522245.373,0.08,0.6
1631522245.475,0.07,0.6
1631522245.577,0.05,0.6
1631522245.679,0.04,0.6
1631522245.781,0.03,0.6
1631522245.883,0.03,0.6
1631522245.985,0.05,0.6
1631522246.086,0.01,0.6
1631522246.188,0.03,0.6
1631522246.29,0.02,0.6
1631522246.391,0.02,0.6
1631522246.492,0.03,0.6
1631522246.594,0.02,0.6
1631522246.697,0.03,0.6
1631522246.798,0.03,0.6
1631522246.9,0.0,0.6
1631522247.002,0.02,0.6
1631522247.104,0.01,0.6
1631522247.206,0.04,0.6
1631522247.308,0.01,0.6
1631522247.411,0.02,0.6
1631522247.513,0.03,0.6
1631522247.615,0.03,0.6
1631522247.717,0.07,0.6
1631522247.819,0.04,0.6
1631522247.921,0.02,0.6
1631522248.023,0.02,0.6
1631522248.125,0.03,0.6
1631522248.227,0.03,0.6
1631522248.329,0.03,0.6
1631522248.431,0.02,0.6
1631522248.533,0.03,0.6
1631522248.635,0.05,0.5
1631522248.737,0.01,0.5
1631522248.839,0.03,0.5
1631522248.941,0.02,0.5
1631522249.043,0.01,0.5
1631522249.145,0.0,0.5
1631522249.247,0.02,0.5
1631522249.349,0.03,0.5
1631522249.451,0.04,0.5
1631522249.553,0.02,0.5
1631522249.655,0.03,0.5
1631522249.757,0.04,0.5
1631522249.859,0.01,0.5
1631522249.96,0.03,0.5
1631522250.061,0.01,0.5
1631522250.163,0.04,0.5
1631522250.265,0.03,0.5
1631522250.367,0.01,0.5
1631522250.469,0.01,0.5
1631522250.571,0.02,0.5
1631522250.673,0.02,0.5
1631522250.775,0.01,0.5
1631522250.877,0.02,0.5
1631522250.979,0.02,0.5
1631522251.08,0.03,0.5
1631522251.182,0.01,0.5
1631522251.284,0.03,0.5
1631522251.386,0.02,0.5
1631522251.488,0.01,0.5
1631522251.589,0.05,0.5
1631522251.69,0.03,0.5
1631522251.792,0.01,0.5
1631522251.894,0.03,0.5
1631522251.996,0.02,0.5
1631522252.099,0.01,0.5
1631522252.2,0.01,0.5
1631522252.301,0.0,0.5
1631522252.402,0.02,0.5
1631522252.503,0.05,0.5
1631522252.605,0.02,0.5
1631522252.707,0.02,0.5
1631522252.809,0.02,0.5
1631522252.911,0.01,0.5
1631522253.013,0.02,0.5
1631522253.115,0.03,0.5
1631522253.217,0.02,0.5
1631522253.319,0.04,0.5
1631522253.421,0.03,0.5
1631522253.523,0.04,0.5
1631522253.625,0.02,0.5
1631522253.727,0.03,0.5
1631522253.829,0.04,0.5
1631522253.931,0.03,0.5
1631522254.033,0.01,0.5
1631522254.135,0.01,0.5
1631522254.237,0.03,0.5
1631522254.339,0.01,0.5
1631522254.441,0.01,0.5
1631522254.543,0.02,0.5
1631522254.645,0.02,0.5
1631522254.747,0.02,0.5
1631522254.849,0.01,0.5
1631522254.951,0.0,0.5
1631522255.053,0.02,0.5
1631522255.155,0.01,0.5
1631522255.258,0.01,0.5
1631522255.359,0.01,0.5
1631522255.461,0.04,0.5
1631522255.563,0.04,0.5
1631522255.665,0.04,0.5
1631522255.767,0.02,0.5
1631522255.869,0.02,0.5
1631522255.971,0.02,0.5
1631522256.072,0.02,0.5
1631522256.174,0.02,0.5
1631522256.276,0.01,0.5
1631522256.378,0.03,0.5
1631522256.48,0.03,0.5
1631522256.582,0.02,0.5
1631522256.683,0.0,0.5
1631522256.784,0.01,0.5
1631522256.886,0.02,0.5
